ComponentName,FaultProbability
src\main\org\apache\tools\ant\types\Permissions.java,0.009
src\etc\testcases\taskdefs\rmic\src\AntTimestamp.java,0
src\tests\junit\org\apache\tools\ant\types\selectors\SizeSelectorTest.java,0.006
src\main\org\apache\tools\ant\types\optional\image\Draw.java,0.01
src\main\org\apache\tools\ant\types\resources\selectors\Majority.java,0.001
src\main\org\apache\tools\ant\taskdefs\optional\j2ee\HotDeploymentTool.java,0
src\main\org\apache\tools\ant\types\DTDLocation.java,0
src\main\org\apache\tools\ant\taskdefs\optional\depend\ClassFileIterator.java,0.001
src\tests\junit\org\apache\tools\ant\taskdefs\DeltreeTest.java,0
src\main\org\apache\tools\ant\taskdefs\cvslib\ChangeLogTask.java,0.104
src\main\org\apache\tools\ant\taskdefs\optional\unix\Chown.java,0.003
src\main\org\apache\tools\ant\types\FlexInteger.java,0
src\main\org\apache\tools\ant\taskdefs\SubAnt.java,0.162
src\main\org\apache\tools\ant\taskdefs\UpToDate.java,0.036
src\main\org\apache\tools\ant\taskdefs\optional\sos\SOSLabel.java,0
src\main\org\apache\tools\ant\taskdefs\optional\ssh\SSHUserInfo.java,0.003
src\main\org\apache\tools\ant\taskdefs\optional\sos\SOSCheckin.java,0
src\main\org\apache\tools\ant\taskdefs\LoadProperties.java,0.123
src\main\org\apache\tools\ant\taskdefs\Basename.java,0
src\tests\junit\org\apache\tools\ant\taskdefs\JavaTest.java,0.006
src\tests\junit\org\apache\tools\ant\taskdefs\condition\EqualsTest.java,0
src\main\org\apache\tools\ant\input\GreedyInputHandler.java,0.002
src\main\org\apache\tools\ant\Task.java,0.047
src\tests\junit\org\apache\tools\ant\util\DateUtilsTest.java,0.002
src\tests\junit\org\apache\tools\ant\types\resources\TarResourceTest.java,0
src\main\org\apache\tools\ant\types\TarFileSet.java,0.01
src\main\org\apache\tools\ant\taskdefs\optional\clearcase\CCCheckin.java,0.001
src\tests\junit\org\example\junit\Output.java,0
src\tests\junit\org\apache\tools\ant\taskdefs\RenameTest.java,0
src\main\org\apache\tools\zip\ZipLong.java,0.144
src\tests\junit\org\apache\tools\ant\taskdefs\ExecuteJavaTest.java,0.003
src\main\org\apache\tools\ant\helper\DefaultExecutor.java,0.004
src\main\org\apache\tools\ant\types\selectors\modifiedselector\ChecksumAlgorithm.java,0.003
src\etc\testcases\taskdefs\optional\depend\src1\B.java,0
src\main\org\apache\tools\ant\taskdefs\Copydir.java,0.005
src\tests\junit\org\apache\tools\ant\taskdefs\optional\RhinoReferenceTest.java,0
src\main\org\apache\tools\ant\util\RegexpPatternMapper.java,0.01
src\main\org\apache\tools\ant\taskdefs\optional\javah\Gcjh.java,0.008
src\main\org\apache\tools\ant\types\resources\comparators\Type.java,0
src\main\org\apache\tools\ant\types\optional\image\Ellipse.java,0.004
src\main\org\apache\tools\ant\filters\HeadFilter.java,0.009
src\main\org\apache\tools\ant\types\resources\Archives.java,0.007
src\main\org\apache\tools\ant\taskdefs\optional\junit\OutErrSummaryJUnitResultFormatter.java,0
src\tests\junit\org\apache\tools\ant\types\DirSetTest.java,0
src\main\org\apache\tools\ant\taskdefs\optional\perforce\P4Fstat.java,0.05
src\main\org\apache\tools\ant\types\resources\comparators\DelegatedResourceComparator.java,0
src\main\org\apache\tools\ant\types\spi\Provider.java,0.001
src\tests\junit\org\apache\tools\ant\IntrospectionHelperTest.java,0.004
src\main\org\apache\tools\ant\types\Mapper.java,0.027
src\main\org\apache\tools\ant\taskdefs\optional\ejb\GenericDeploymentTool.java,0.034
src\main\org\apache\tools\ant\types\selectors\ContainsSelector.java,0.007
src\tests\junit\org\apache\tools\ant\taskdefs\email\EmailAddressTest.java,0.001
src\main\org\apache\tools\ant\taskdefs\Redirector.java,0.671
src\main\org\apache\tools\ant\taskdefs\Transform.java,0.008
src\main\org\apache\tools\ant\taskdefs\RecorderEntry.java,0.055
src\main\org\apache\tools\ant\taskdefs\optional\sound\AntSoundPlayer.java,0.089
src\main\org\apache\tools\ant\util\DOMUtils.java,0
src\tests\junit\org\apache\tools\ant\taskdefs\email\EmailTaskTest.java,0
src\main\org\apache\tools\mail\ErrorInQuitException.java,0
src\tests\junit\org\apache\tools\ant\taskdefs\ReplaceTest.java,0.001
src\tests\junit\org\apache\tools\ant\taskdefs\RecorderTest.java,0.001
src\main\org\apache\tools\ant\taskdefs\optional\javah\JavahAdapter.java,0
src\main\org\apache\tools\ant\taskdefs\ManifestClassPath.java,0.052
src\tests\junit\org\apache\tools\ant\taskdefs\UnzipTest.java,0.001
src\tests\junit\org\apache\tools\ant\taskdefs\optional\XmlValidateCatalogTest.java,0
src\main\org\apache\tools\ant\taskdefs\optional\depend\constantpool\InterfaceMethodRefCPInfo.java,0.001
src\tests\junit\org\apache\tools\ant\taskdefs\MoveTest.java,0
src\tests\junit\org\apache\tools\ant\DummyTaskAbstract.java,0
src\main\org\apache\tools\ant\taskdefs\LoadResource.java,0.047
src\main\org\apache\tools\ant\taskdefs\optional\vss\MSVSSCHECKOUT.java,0.002
src\tests\junit\org\apache\tools\ant\taskdefs\MacroDefTest.java,0
src\tests\junit\org\apache\tools\ant\ProjectComponentTest.java,0
src\tests\junit\org\apache\tools\ant\types\mappers\GlobMapperTest.java,0
src\tests\junit\org\apache\tools\ant\types\TarFileSetTest.java,0
src\main\org\apache\tools\ant\types\selectors\SelectSelector.java,0.005
src\main\org\apache\tools\ant\taskdefs\optional\net\FTP.java,0.188
src\tests\junit\org\apache\tools\tar\TarOutputStreamTest.java,0
src\tests\junit\org\apache\tools\ant\taskdefs\SyncTest.java,0
src\tests\junit\org\apache\tools\ant\taskdefs\CopyTest.java,0.002
src\tests\junit\org\apache\tools\ant\taskdefs\optional\vss\MSVSSTest.java,0.003
src\tests\junit\org\apache\tools\ant\util\LoaderUtilsTest.java,0
src\main\org\apache\tools\ant\taskdefs\ExecTask.java,0.612
src\main\org\apache\tools\ant\taskdefs\optional\ejb\DescriptorHandler.java,0.006
src\main\org\apache\tools\ant\taskdefs\Zip.java,0.833
src\tests\junit\org\apache\tools\ant\taskdefs\email\MessageTest.java,0.002
src\main\org\apache\tools\ant\loader\AntClassLoader2.java,0.01
src\main\org\apache\tools\ant\taskdefs\optional\j2ee\WebLogicHotDeploymentTool.java,0
src\main\org\apache\tools\ant\listener\Log4jListener.java,0.148
src\tests\junit\org\apache\tools\ant\taskdefs\optional\junit\SuiteMethodTest.java,0
src\main\org\apache\tools\ant\taskdefs\rmic\DefaultRmicAdapter.java,0.193
src\main\org\apache\tools\ant\taskdefs\GenerateKey.java,0.01
src\main\org\apache\tools\ant\types\TarScanner.java,0.001
src\main\org\apache\tools\ant\taskdefs\AntlibDefinition.java,0
src\main\org\apache\tools\ant\filters\ExpandProperties.java,0.023
src\main\org\apache\tools\ant\taskdefs\FixCRLF.java,0.303
src\main\org\apache\tools\ant\taskdefs\VerifyJar.java,0.007
src\main\org\apache\tools\ant\taskdefs\Input.java,0.011
src\main\org\apache\tools\ant\taskdefs\optional\depend\constantpool\ClassCPInfo.java,0.002
src\tests\junit\org\apache\tools\ant\types\selectors\ModifiedSelectorTest.java,0.008
src\main\org\apache\tools\ant\launch\Locator.java,0.5
src\main\org\apache\tools\ant\util\IdentityMapper.java,0
src\tests\junit\org\apache\tools\ant\taskdefs\SleepTest.java,0
src\main\org\apache\tools\ant\RuntimeConfigurable.java,0.122
src\main\org\apache\tools\ant\types\spi\Service.java,0
src\main\org\apache\tools\ant\taskdefs\optional\net\FTPTaskMirrorImpl.java,0.47
src\tests\junit\org\apache\tools\zip\ExtraFieldUtilsTest.java,0
src\main\org\apache\tools\ant\taskdefs\AbstractJarSignerTask.java,0.02
src\tests\junit\org\apache\tools\ant\taskdefs\TimeProcess.java,0
src\main\org\apache\tools\bzip2\CRC.java,0.001
src\main\org\apache\tools\ant\taskdefs\Deltree.java,0
src\main\org\apache\tools\ant\types\Assertions.java,0.006
src\main\org\apache\tools\ant\AntClassLoader.java,0.769
src\main\org\apache\tools\ant\util\FileUtils.java,0.844
src\main\org\apache\tools\ant\taskdefs\compilers\Javac13.java,0
src\main\org\apache\tools\ant\util\LazyHashtable.java,0.002
src\main\org\apache\tools\ant\types\resources\JavaConstantResource.java,0.022
src\main\org\apache\tools\ant\taskdefs\optional\junit\JUnitTaskMirror.java,0.272
src\main\org\apache\tools\ant\taskdefs\optional\perforce\SimpleP4OutputHandler.java,0.006
src\main\org\apache\tools\ant\DynamicConfigurator.java,0
src\main\org\apache\tools\ant\util\depend\bcel\FullAnalyzer.java,0.001
src\main\org\apache\tools\ant\listener\TimestampedLogger.java,0.002
src\main\org\apache\tools\ant\taskdefs\Apt.java,0.238
src\main\org\apache\tools\ant\types\selectors\OrSelector.java,0
src\main\org\apache\tools\ant\util\LinkedHashtable.java,0.118
src\tests\junit\org\apache\tools\ant\UnknownElementTest.java,0.001
src\main\org\apache\tools\ant\types\optional\image\BasicShape.java,0
src\tests\junit\org\apache\tools\ant\types\RedirectorElementTest.java,0
src\main\org\apache\tools\ant\util\ClasspathUtils.java,0.024
src\main\org\apache\tools\ant\taskdefs\optional\ccm\CCMReconfigure.java,0
src\tests\junit\org\apache\tools\ant\filters\LineContainsTest.java,0
src\main\org\apache\tools\ant\taskdefs\optional\PropertyFile.java,0.162
src\tests\junit\org\apache\tools\ant\taskdefs\CallTargetTest.java,0
src\main\org\apache\tools\ant\taskdefs\optional\junit\JUnitTask.java,0.79
src\main\org\apache\tools\ant\taskdefs\optional\depend\Depend.java,0.24
src\tests\junit\org\apache\tools\ant\taskdefs\cvslib\ChangeLogParserTest.java,0
src\main\org\apache\tools\ant\taskdefs\optional\clearcase\CCMklabel.java,0.001
src\main\org\apache\tools\ant\taskdefs\optional\depend\constantpool\MethodRefCPInfo.java,0
src\main\org\apache\tools\ant\listener\MailLogger.java,0.067
src\tests\junit\org\apache\tools\ant\taskdefs\RmicAdvancedTest.java,0.007
src\main\org\apache\tools\ant\taskdefs\XSLTLiaison3.java,0.012
src\main\org\apache\tools\ant\taskdefs\optional\clearcase\CCUnlock.java,0.004
src\main\org\apache\tools\ant\taskdefs\compilers\AptCompilerAdapter.java,0.006
src\main\org\apache\tools\ant\taskdefs\Filter.java,0.002
src\main\org\apache\tools\ant\types\resources\First.java,0
src\main\org\apache\tools\tar\TarBuffer.java,0.605
src\main\org\apache\tools\ant\types\resolver\ApacheCatalogResolver.java,0.001
src\main\org\apache\tools\ant\types\FilterSet.java,0.052
src\tests\junit\org\apache\tools\ant\types\ZipFileSetTest.java,0
src\main\org\apache\tools\ant\taskdefs\optional\junit\BriefJUnitResultFormatter.java,0.047
src\main\org\apache\tools\ant\types\resources\URLResource.java,0.077
src\tests\junit\org\apache\tools\ant\types\selectors\DateSelectorTest.java,0.001
src\main\org\apache\tools\ant\taskdefs\optional\unix\AbstractAccessTask.java,0.113
src\tests\junit\org\apache\tools\ant\util\LazyFileOutputStreamTest.java,0
src\main\org\apache\tools\ant\taskdefs\optional\depend\constantpool\ConstantCPInfo.java,0
src\main\org\apache\tools\ant\taskdefs\cvslib\CVSEntry.java,0
src\main\org\apache\tools\ant\types\selectors\ExtendSelector.java,0.01
src\tests\junit\org\apache\tools\ant\taskdefs\CopydirTest.java,0
src\main\org\apache\tools\ant\types\resources\comparators\Exists.java,0
src\main\org\apache\tools\ant\property\GetProperty.java,0
src\tests\junit\org\apache\tools\ant\taskdefs\BUnzip2Test.java,0
src\main\org\apache\tools\ant\taskdefs\optional\vss\MSVSSCP.java,0.001
src\tests\junit\org\apache\tools\tar\TarEntryTest.java,0
src\main\org\apache\tools\ant\taskdefs\optional\net\FTPTaskConfig.java,0
src\tests\junit\org\apache\tools\ant\taskdefs\condition\IsSignedTest.java,0
src\main\org\apache\tools\ant\taskdefs\condition\HasMethod.java,0.004
src\main\org\apache\tools\ant\taskdefs\optional\depend\JarFileIterator.java,0
src\main\org\apache\tools\ant\taskdefs\optional\perforce\P4Counter.java,0
src\main\org\apache\tools\ant\types\selectors\modifiedselector\PropertiesfileCache.java,0.003
src\main\org\apache\tools\ant\taskdefs\optional\clearcase\CCLock.java,0.002
src\tests\junit\org\apache\tools\ant\taskdefs\TestProcess.java,0
src\main\org\apache\tools\ant\taskdefs\optional\perforce\P4OutputStream.java,0.003
src\main\org\apache\tools\ant\taskdefs\optional\j2ee\ServerDeploy.java,0.005
src\tests\junit\org\apache\tools\ant\util\ReaderInputStreamTest.java,0
src\main\org\apache\tools\ant\types\resources\FailFast.java,0
src\etc\testcases\taskdefs\optional\depend\src2\B.java,0
src\etc\testcases\taskdefs\apt\DistributedAnnotationFactory.java,0
src\main\org\apache\tools\ant\taskdefs\CopyPath.java,0.006
src\main\org\apache\tools\ant\taskdefs\XSLTLiaison.java,0
src\main\org\apache\tools\ant\taskdefs\ExecuteJava.java,0.028
src\main\org\apache\tools\ant\types\resources\FileResourceIterator.java,0.002
src\main\org\apache\tools\ant\property\ResolvePropertyMap.java,0.101
src\main\org\apache\tools\ant\taskdefs\Property.java,0.501
src\tests\junit\org\apache\tools\ant\taskdefs\GUnzipTest.java,0
src\main\org\apache\tools\ant\taskdefs\optional\clearcase\CCMkattr.java,0.001
src\main\org\apache\tools\ant\filters\UniqFilter.java,0.001
src\tests\junit\org\apache\tools\ant\taskdefs\optional\junit\BatchTestTest.java,0.002
src\tests\junit\org\apache\tools\ant\taskdefs\SQLExecTest.java,0.01
src\tests\junit\org\apache\tools\ant\filters\TokenFilterTest.java,0
src\main\org\apache\tools\ant\taskdefs\optional\ejb\EJBDeploymentTool.java,0.007
src\tests\junit\org\apache\tools\ant\types\AbstractFileSetTest.java,0
src\main\org\apache\tools\ant\taskdefs\optional\ssh\SSHExec.java,0.284
src\main\org\apache\tools\ant\taskdefs\optional\Xalan2TraceSupport.java,0
src\tests\junit\org\apache\tools\ant\util\regexp\JakartaRegexpMatcherTest.java,0
src\tests\junit\org\apache\tools\ant\taskdefs\AntlibTest.java,0
src\main\org\apache\tools\ant\taskdefs\email\UUMailer.java,0.004
src\etc\testcases\taskdefs\manifestclasspath\Alpha.java,0
src\main\org\apache\tools\ant\input\SecureInputHandler.java,0.001
src\main\org\apache\tools\ant\taskdefs\optional\extension\Compatability.java,0
src\tests\junit\org\apache\tools\ant\taskdefs\cvslib\ChangeLogWriterTest.java,0
src\main\org\apache\tools\ant\taskdefs\optional\jlink\jlink.java,0.003
src\tests\junit\org\apache\tools\ant\util\regexp\JakartaRegexpRegexpTest.java,0
src\main\org\apache\tools\ant\taskdefs\optional\depend\DirectoryIterator.java,0.002
src\tests\junit\org\apache\tools\ant\taskdefs\optional\splash\SplashScreenTest.java,0.004
src\main\org\apache\tools\zip\ZipUtil.java,0
src\main\org\apache\tools\ant\AntTypeDefinition.java,0.032
src\tests\junit\org\apache\tools\ant\types\ResourceOutputTest.java,0
src\tests\junit\org\apache\tools\ant\taskdefs\MakeUrlTest.java,0.001
src\main\org\apache\tools\ant\taskdefs\KeySubst.java,0.005
src\main\org\apache\tools\ant\types\resources\Files.java,0.067
src\main\org\apache\tools\ant\TypeAdapter.java,0.004
src\tests\junit\org\apache\tools\ant\taskdefs\ChecksumTest.java,0
src\main\org\apache\tools\ant\filters\PrefixLines.java,0
src\main\org\apache\tools\ant\ExitException.java,0.005
src\tests\junit\org\apache\tools\zip\ZipShortTest.java,0.001
src\main\org\apache\tools\ant\types\FileSet.java,0.003
src\main\org\apache\tools\ant\taskdefs\ExecuteStreamHandler.java,0.001
src\main\org\apache\tools\ant\util\facade\ImplementationSpecificArgument.java,0
src\main\org\apache\tools\ant\taskdefs\optional\extension\LibraryDisplayer.java,0.001
src\main\org\apache\tools\ant\filters\StringInputStream.java,0.002
src\tests\junit\org\apache\tools\ant\types\CommandlineJavaTest.java,0.001
src\main\org\apache\tools\ant\taskdefs\optional\ssh\ScpFromMessage.java,0.059
src\main\org\apache\tools\ant\taskdefs\compilers\Javac12.java,0.005
src\main\org\apache\tools\ant\taskdefs\optional\extension\Extension.java,0.022
src\main\org\apache\tools\ant\taskdefs\ManifestException.java,0.001
src\main\org\apache\tools\ant\taskdefs\TaskOutputStream.java,0
src\main\org\apache\tools\ant\types\selectors\AbstractSelectorContainer.java,0.008
src\main\org\apache\tools\ant\taskdefs\XSLTLogger.java,0
src\main\org\apache\tools\ant\util\TaskLogger.java,0.001
src\main\org\apache\tools\ant\UnsupportedAttributeException.java,0.003
src\tests\junit\org\apache\tools\ant\types\selectors\ContainsSelectorTest.java,0
src\tests\junit\org\apache\tools\ant\taskdefs\XmlnsTest.java,0
src\etc\testcases\taskdefs\fixcrlf\input\Junk2.java,0
src\tests\junit\org\apache\tools\ant\util\regexp\RegexpTest.java,0
src\main\org\apache\tools\ant\types\resources\selectors\InstanceOf.java,0
src\tests\junit\org\apache\tools\ant\util\LineOrientedOutputStreamTest.java,0.001
src\tests\junit\org\apache\tools\ant\taskdefs\optional\junit\JUnitTestListenerTest.java,0
src\main\org\apache\tools\ant\types\resources\SizeLimitCollection.java,0
src\tests\junit\org\example\junit\Timeout.java,0
src\tests\junit\org\apache\tools\ant\AntClassLoaderPerformance.java,0.002
src\main\org\apache\tools\ant\taskdefs\condition\IsLastModified.java,0.002
src\main\org\apache\tools\ant\taskdefs\optional\clearcase\CCMkelem.java,0.001
src\main\org\apache\tools\ant\taskdefs\optional\clearcase\CCRmtype.java,0.001
src\tests\junit\org\apache\tools\ant\types\FileListTest.java,0
src\main\org\apache\tools\ant\taskdefs\PathConvert.java,0.074
src\main\org\apache\tools\ant\types\RegularExpression.java,0.019
src\tests\junit\org\apache\tools\ant\taskdefs\condition\ParserSupportsTest.java,0
src\main\org\apache\tools\ant\taskdefs\MatchingTask.java,0.012
src\main\org\apache\tools\ant\taskdefs\optional\jsp\JspMangler.java,0
src\main\org\apache\tools\ant\types\resources\ResourceList.java,0.01
src\main\org\apache\tools\ant\types\resources\ArchiveResource.java,0.008
src\main\org\apache\tools\ant\util\ScriptRunnerHelper.java,0.003
src\main\org\apache\tools\ant\types\selectors\ReadableSelector.java,0
src\main\org\apache\tools\ant\types\resources\URLProvider.java,0
src\main\org\apache\tools\mail\MailMessage.java,0.013
src\tests\junit\org\apache\tools\ant\MockBuildListener.java,0
src\tests\junit\org\apache\tools\ant\taskdefs\ExecuteWatchdogTest.java,0
src\main\org\apache\tools\ant\util\regexp\RegexpUtil.java,0.009
src\tests\junit\org\apache\tools\zip\ZipEntryTest.java,0.002
src\main\org\apache\tools\ant\taskdefs\EchoXML.java,0.004
src\etc\testcases\taskdefs\rmic\src\RemoteTimestamp.java,0
src\main\org\apache\tools\ant\types\mappers\FilterMapper.java,0.002
src\main\org\apache\tools\ant\taskdefs\condition\Equals.java,0.019
src\main\org\apache\tools\ant\DirectoryScanner.java,0.657
src\tests\junit\org\apache\tools\ant\taskdefs\condition\XorTest.java,0
src\tests\junit\org\apache\tools\ant\types\resources\ResourceListTest.java,0.001
src\tests\junit\org\apache\tools\ant\taskdefs\optional\RpmTest.java,0
src\main\org\apache\tools\ant\taskdefs\Componentdef.java,0
src\main\org\apache\tools\ant\taskdefs\condition\AntVersion.java,0.037
src\main\org\apache\tools\ant\types\resources\comparators\Date.java,0.003
src\tests\junit\org\apache\tools\ant\filters\ConcatFilterTest.java,0
src\main\org\apache\tools\ant\types\optional\image\Scale.java,0.009
src\main\org\apache\tools\ant\taskdefs\Move.java,0.255
src\main\org\apache\tools\ant\taskdefs\condition\TypeFound.java,0
src\main\org\apache\tools\ant\util\ScriptRunnerBase.java,0.369
src\main\org\apache\tools\ant\types\TimeComparison.java,0
src\tests\antunit\core\location\src\task\EchoLocation.java,0
src\main\org\apache\tools\ant\types\selectors\BaseSelector.java,0.004
src\main\org\apache\tools\ant\util\LeadPipeInputStream.java,0.009
src\main\org\apache\tools\ant\util\ScriptRunner.java,0.011
src\tests\junit\org\apache\tools\ant\LoaderRefTest.java,0
src\main\org\apache\tools\ant\util\VectorSet.java,0.243
src\tests\junit\org\apache\tools\ant\taskdefs\GzipTest.java,0
src\main\org\apache\tools\ant\util\FirstMatchMapper.java,0.002
src\tests\junit\org\apache\tools\ant\taskdefs\optional\Native2AsciiTest.java,0
src\main\org\apache\tools\ant\taskdefs\condition\IsSet.java,0.003
src\main\org\apache\tools\ant\taskdefs\condition\ResourcesMatch.java,0.002
src\main\org\apache\tools\ant\taskdefs\optional\net\MimeMail.java,0.002
src\main\org\apache\tools\ant\types\selectors\TokenizedPattern.java,0
src\main\org\apache\tools\ant\types\optional\depend\ClassfileSet.java,0.008
src\main\org\apache\tools\ant\util\LayoutPreservingProperties.java,0.508
src\main\org\apache\tools\ant\taskdefs\Touch.java,0.135
src\main\org\apache\tools\ant\types\resources\selectors\ResourceSelectorContainer.java,0
src\main\org\apache\tools\ant\types\selectors\ContainsRegexpSelector.java,0.127
src\main\org\apache\tools\ant\taskdefs\optional\Javah.java,0.136
src\tests\junit\org\apache\tools\ant\IncludeTest.java,0
src\tests\junit\org\apache\tools\ant\taskdefs\ExecTaskTest.java,0.009
src\main\org\apache\tools\ant\types\Resource.java,0.03
src\main\org\apache\tools\ant\taskdefs\optional\ssh\Scp.java,0.041
src\main\org\apache\tools\ant\taskdefs\optional\junit\JUnitResultFormatter.java,0.027
src\main\org\apache\tools\ant\taskdefs\condition\Xor.java,0
src\main\org\apache\tools\ant\util\LoaderUtils.java,0.004
src\main\org\apache\tools\ant\taskdefs\Taskdef.java,0.002
src\main\org\apache\tools\ant\taskdefs\Copy.java,0.725
src\tests\junit\org\apache\tools\ant\taskdefs\condition\AntVersionTest.java,0
src\tests\junit\org\apache\tools\ant\taskdefs\optional\junit\VmCrash.java,0
src\tests\junit\org\apache\tools\ant\types\optional\depend\ClassFileSetTest.java,0
src\main\org\apache\tools\ant\types\resources\Appendable.java,0
src\etc\testcases\types\assertions\AssertionTest.java,0
src\main\org\apache\tools\ant\types\CommandlineJava.java,0.046
src\main\org\apache\tools\ant\filters\EscapeUnicode.java,0.001
src\main\org\apache\tools\ant\taskdefs\condition\FilesMatch.java,0.006
src\tests\junit\org\example\junit\MultilineAsserts.java,0
src\main\org\apache\tools\ant\taskdefs\compilers\Kjc.java,0
src\tests\junit\org\apache\tools\ant\taskdefs\optional\EchoPropertiesTest.java,0.002
src\tests\junit\org\apache\tools\ant\filters\ReplaceTokensTest.java,0
src\main\org\apache\tools\ant\taskdefs\ManifestTask.java,0.215
src\main\org\apache\tools\ant\taskdefs\optional\junit\XMLResultAggregator.java,0.046
src\tests\junit\org\apache\tools\ant\taskdefs\optional\net\FTPTest.java,0
src\main\org\apache\tools\ant\types\selectors\DifferentSelector.java,0.006
src\tests\junit\org\apache\tools\ant\util\CollectionUtilsTest.java,0
src\main\org\apache\tools\ant\taskdefs\optional\windows\Attrib.java,0.155
src\tests\junit\org\apache\tools\ant\taskdefs\AntStructureTest.java,0
src\main\org\apache\tools\ant\types\resources\comparators\Name.java,0
src\main\org\apache\tools\ant\NoBannerLogger.java,0.102
src\etc\testcases\core\containersrc\test\SpecialSeq.java,0
src\main\org\apache\tools\ant\taskdefs\optional\clearcase\CCUpdate.java,0.002
src\main\org\apache\tools\ant\taskdefs\ProjectHelperTask.java,0.004
src\main\org\apache\tools\zip\ExtraFieldUtils.java,0.175
src\main\org\apache\tools\ant\util\GlobPatternMapper.java,0.144
src\main\org\apache\tools\ant\taskdefs\Expand.java,0.261
src\tests\junit\org\example\tasks\TaskdefTestSimpleTask.java,0
src\main\org\apache\tools\ant\taskdefs\optional\javah\JavahAdapterFactory.java,0.051
src\main\org\apache\tools\ant\taskdefs\optional\SchemaValidate.java,0.002
src\main\org\apache\tools\ant\types\selectors\modifiedselector\DigestAlgorithm.java,0.004
src\main\org\apache\tools\ant\taskdefs\optional\ssh\SSHBase.java,0.004
src\main\org\apache\tools\ant\util\regexp\JakartaRegexpRegexp.java,0.001
src\etc\testcases\taskdefs\fixcrlf\expected\Junk5.java,0
src\main\org\apache\tools\ant\taskdefs\compilers\AptExternalCompilerAdapter.java,0.001
src\main\org\apache\tools\ant\types\resources\Touchable.java,0
src\tests\junit\org\apache\tools\ant\TopLevelTaskTest.java,0
src\main\org\apache\tools\ant\taskdefs\optional\javacc\JJTree.java,0.023
src\main\org\apache\tools\ant\property\ParseNextProperty.java,0.001
src\tests\junit\org\apache\tools\ant\util\LinkedHashtableTest.java,0.004
src\tests\junit\org\apache\tools\ant\taskdefs\optional\junit\JUnitVersionHelperTest.java,0
src\main\org\apache\tools\ant\util\TeeOutputStream.java,0.001
src\main\org\apache\tools\ant\taskdefs\Tar.java,0.265
src\main\org\apache\tools\ant\taskdefs\optional\perforce\P4Sync.java,0.002
src\main\org\apache\tools\ant\taskdefs\cvslib\ChangeLogWriter.java,0.004
src\main\org\apache\tools\ant\taskdefs\optional\net\FTPTask.java,0.011
src\main\org\apache\tools\ant\taskdefs\rmic\SunRmic.java,0.111
src\main\org\apache\tools\ant\taskdefs\optional\jsp\Jasper41Mangler.java,0
src\main\org\apache\tools\ant\taskdefs\JDBCTask.java,0.14
src\main\org\apache\tools\ant\util\JavaEnvUtils.java,0.392
src\main\org\apache\tools\ant\property\ParseProperties.java,0.008
src\main\org\apache\tools\ant\types\resources\comparators\Reverse.java,0.002
src\tests\junit\org\apache\tools\ant\util\XMLFragmentTest.java,0
src\main\org\apache\tools\tar\TarOutputStream.java,0.535
src\tests\junit\org\apache\tools\zip\ZipEncodingTest.java,0
src\main\org\apache\tools\ant\taskdefs\optional\junit\BatchTest.java,0.009
src\main\org\apache\tools\ant\property\PropertyExpander.java,0
src\main\org\apache\tools\ant\helper\ProjectHelperImpl.java,0.041
src\tests\junit\org\apache\tools\ant\util\LayoutPreservingPropertiesTest.java,0.003
src\etc\testcases\taskdefs\fixcrlf\expected\Junk2.java,0
src\tests\junit\org\apache\tools\ant\types\selectors\PresentSelectorTest.java,0
src\main\org\apache\tools\ant\taskdefs\rmic\ForkingSunRmic.java,0.139
src\tests\junit\org\apache\tools\ant\taskdefs\AntLikeTasksAtTopLevelTest.java,0
src\main\org\apache\tools\zip\UnixStat.java,0.002
src\main\org\apache\tools\ant\taskdefs\condition\ResourceExists.java,0
src\main\org\apache\tools\ant\types\AntFilterReader.java,0.004
src\main\org\apache\tools\ant\launch\AntMain.java,0
src\main\org\apache\tools\ant\types\resources\Union.java,0.003
src\main\org\apache\tools\ant\taskdefs\optional\ejb\WebsphereDeploymentTool.java,0.029
src\main\org\apache\tools\ant\util\IdentityStack.java,0.029
src\tests\junit\org\apache\tools\ant\taskdefs\optional\junit\DOMUtilTest.java,0
src\tests\junit\org\apache\tools\ant\CaseTest.java,0
src\main\org\apache\tools\zip\FallbackZipEncoding.java,0
src\main\org\apache\tools\ant\taskdefs\optional\junit\JUnitTestRunner.java,0.078
src\main\org\apache\tools\ant\taskdefs\optional\splash\SplashTask.java,0.217
src\main\org\apache\tools\ant\DynamicConfiguratorNS.java,0
src\main\org\apache\tools\ant\util\optional\WeakishReference12.java,0.002
src\main\org\apache\tools\ant\taskdefs\Tstamp.java,0.027
src\main\org\apache\tools\ant\UnknownElement.java,0.346
src\tests\junit\org\apache\tools\ant\types\resources\JavaResourceTest.java,0
src\main\org\apache\tools\tar\TarUtils.java,0.003
src\main\org\apache\tools\ant\types\resources\ZipResource.java,0.016
src\main\org\apache\tools\ant\taskdefs\Definer.java,0.235
src\etc\testcases\types\assertions\AssertionMain.java,0
src\main\org\apache\tools\ant\taskdefs\compilers\CompilerAdapter.java,0.001
src\main\org\apache\tools\ant\taskdefs\GZip.java,0.002
src\main\org\apache\tools\ant\filters\StripJavaComments.java,0.013
src\main\org\apache\tools\zip\UnparseableExtraFieldData.java,0.01
src\main\org\apache\tools\ant\taskdefs\optional\javacc\JavaCC.java,0.051
src\main\org\apache\tools\ant\BuildListener.java,0.162
src\main\org\apache\tools\ant\taskdefs\optional\junit\XMLConstants.java,0.002
src\tests\junit\org\apache\tools\ant\DummyTaskWithoutPublicConstructor.java,0
src\main\org\apache\tools\ant\dispatch\DispatchUtils.java,0.003
src\tests\junit\org\apache\tools\ant\types\optional\ScriptMapperTest.java,0
src\main\org\apache\tools\ant\util\FileNameMapper.java,0
src\main\org\apache\tools\ant\taskdefs\Execute.java,0.628
src\main\org\apache\tools\ant\types\selectors\NotSelector.java,0
src\tests\junit\org\apache\tools\ant\types\selectors\DependSelectorTest.java,0.001
src\main\org\apache\tools\ant\util\regexp\RegexpMatcherFactory.java,0.012
src\tests\junit\org\apache\tools\ant\types\mappers\MapperResult.java,0
src\tests\junit\org\apache\tools\ant\DummyTaskInterface.java,0
src\main\org\apache\tools\ant\XmlLogger.java,0.021
src\main\org\apache\tools\ant\taskdefs\optional\net\FTPConfigurator.java,0.008
src\main\org\apache\tools\ant\util\XmlConstants.java,0.004
src\main\org\apache\tools\ant\filters\SortFilter.java,0.075
src\tests\junit\org\apache\tools\ant\taskdefs\CopyfileTest.java,0
src\main\org\apache\tools\ant\taskdefs\Jar.java,0.76
src\main\org\apache\tools\ant\types\resources\GZipResource.java,0.001
src\main\org\apache\tools\ant\types\selectors\modifiedselector\Algorithm.java,0.001
src\main\org\apache\tools\ant\taskdefs\optional\ejb\WeblogicTOPLinkDeploymentTool.java,0.002
src\tests\junit\org\apache\tools\ant\taskdefs\ProcessDestroyerTest.java,0
src\tests\junit\org\example\types\TypedefTestType.java,0
src\main\org\apache\tools\ant\taskdefs\optional\depend\constantpool\DoubleCPInfo.java,0
src\tests\junit\org\apache\tools\ant\taskdefs\EchoXMLTest.java,0
src\main\org\apache\tools\ant\taskdefs\optional\j2ee\JonasHotDeploymentTool.java,0.001
src\main\org\apache\tools\ant\taskdefs\optional\ejb\IPlanetEjbc.java,0.004
src\main\org\apache\tools\ant\taskdefs\optional\native2ascii\Native2AsciiAdapterFactory.java,0.046
src\main\org\apache\tools\ant\taskdefs\DefaultExcludes.java,0.006
src\tests\junit\org\apache\tools\ant\taskdefs\ZipExtraFieldTest.java,0
src\tests\junit\org\apache\tools\ant\DummyTaskWithNonVoidExecute.java,0
src\tests\junit\org\apache\tools\ant\taskdefs\optional\BeanShellScriptTest.java,0
src\main\org\apache\tools\ant\filters\ConcatFilter.java,0.003
src\etc\testcases\taskdefs\fixcrlf\expected\Junk4.java,0
src\main\org\apache\tools\ant\types\optional\image\ImageOperation.java,0.002
src\main\org\apache\tools\ant\taskdefs\rmic\XNewRmic.java,0
src\main\org\apache\tools\ant\types\resources\TarResource.java,0.003
src\main\org\apache\tools\ant\taskdefs\optional\extension\DeweyDecimal.java,0
src\main\org\apache\tools\ant\types\DataType.java,0.014
src\main\org\apache\tools\zip\ZipExtraField.java,0.146
src\main\org\apache\tools\ant\taskdefs\optional\Script.java,0.038
src\main\org\apache\tools\ant\taskdefs\email\PlainMailer.java,0.066
src\tests\junit\org\apache\tools\zip\AsiExtraFieldTest.java,0
src\main\org\apache\tools\ant\taskdefs\optional\vss\MSVSSHISTORY.java,0.002
src\etc\testcases\taskdefs\optional\depend\src3\A.java,0
src\main\org\apache\tools\ant\types\Quantifier.java,0.001
src\main\org\apache\tools\ant\types\selectors\TypeSelector.java,0.008
src\main\org\apache\tools\ant\taskdefs\condition\Os.java,0.113
src\main\org\apache\tools\ant\types\resources\Intersect.java,0
src\main\org\apache\tools\ant\types\PropertySet.java,0.039
src\main\org\apache\tools\ant\taskdefs\condition\Socket.java,0.003
src\main\org\apache\tools\ant\taskdefs\CallTarget.java,0.007
src\main\org\apache\tools\ant\taskdefs\optional\jsp\WLJspc.java,0.027
src\main\org\apache\tools\ant\types\Parameter.java,0
src\tests\junit\org\apache\tools\ant\util\regexp\JakartaOroRegexpTest.java,0
src\main\org\apache\tools\ant\taskdefs\optional\net\TelnetTask.java,0.047
src\main\org\apache\tools\ant\util\regexp\JakartaOroRegexp.java,0.009
src\main\org\apache\tools\ant\UnsupportedElementException.java,0.002
src\main\org\apache\tools\ant\DynamicElementNS.java,0
src\main\org\apache\tools\ant\taskdefs\condition\IsTrue.java,0
src\tests\junit\org\apache\tools\ant\ProjectHelperRepositoryTest.java,0
src\main\org\apache\tools\ant\types\selectors\AndSelector.java,0
src\main\org\apache\tools\ant\TaskAdapter.java,0.011
src\main\org\apache\tools\ant\taskdefs\optional\perforce\P4Revert.java,0.001
src\main\org\apache\tools\ant\taskdefs\optional\ssh\SSHSession.java,0.003
src\main\org\apache\tools\ant\taskdefs\optional\ejb\IPlanetDeploymentTool.java,0.003
src\etc\testcases\taskdefs\rmic\src\RemoteTimestampImpl.java,0
src\main\org\apache\tools\ant\util\UnPackageNameMapper.java,0.001
src\main\org\apache\tools\ant\taskdefs\Typedef.java,0
src\tests\junit\org\apache\tools\ant\types\optional\ScriptSelectorTest.java,0
src\main\org\apache\tools\ant\taskdefs\Concat.java,0.537
src\main\org\apache\tools\ant\taskdefs\optional\extension\JarLibManifestTask.java,0.023
src\tests\junit\org\apache\tools\ant\util\regexp\Jdk14RegexpRegexpTest.java,0
src\main\org\apache\tools\ant\taskdefs\optional\depend\constantpool\ConstantPool.java,0.01
src\main\org\apache\tools\ant\taskdefs\optional\vss\MSVSSGET.java,0.005
src\main\org\apache\tools\zip\UnicodeCommentExtraField.java,0.002
src\main\org\apache\tools\ant\taskdefs\optional\ssh\ScpFromMessageBySftp.java,0.024
src\main\org\apache\tools\ant\taskdefs\condition\Http.java,0.028
src\main\org\apache\tools\ant\taskdefs\AbstractCvsTask.java,0.229
src\main\org\apache\tools\ant\util\PropertyOutputStream.java,0
src\main\org\apache\tools\ant\taskdefs\condition\ConditionBase.java,0.053
src\tests\junit\org\apache\tools\ant\types\resources\LazyResourceCollectionTest.java,0
src\main\org\apache\tools\ant\taskdefs\LogStreamHandler.java,0
src\main\org\apache\tools\ant\taskdefs\AugmentReference.java,0.139
src\tests\junit\org\apache\tools\ant\types\AssertionsTest.java,0
src\main\org\apache\tools\ant\taskdefs\optional\perforce\P4Edit.java,0
src\etc\testcases\taskdefs\optional\depend\src4\test\ContainsOnlyInner.java,0
src\main\org\apache\tools\ant\taskdefs\optional\clearcase\CCCheckout.java,0.004
src\main\org\apache\tools\ant\input\InputHandler.java,0
src\main\org\apache\tools\ant\taskdefs\ProcessDestroyer.java,0.022
src\main\org\apache\tools\ant\taskdefs\optional\Native2Ascii.java,0.092
src\main\org\apache\tools\ant\taskdefs\optional\extension\ExtraAttribute.java,0
src\main\org\apache\tools\ant\taskdefs\ExecuteWatchdog.java,0.007
src\main\org\apache\tools\ant\taskdefs\email\Header.java,0.001
src\main\org\apache\tools\ant\types\Substitution.java,0.013
src\main\org\apache\tools\ant\taskdefs\cvslib\CvsTagDiff.java,0.055
src\main\org\apache\tools\ant\util\ReflectUtil.java,0.106
src\tests\antunit\taskdefs\javac-dir\bad-src\Bad.java,0
src\main\org\apache\tools\ant\taskdefs\LogOutputStream.java,0.005
src\main\org\apache\tools\ant\taskdefs\cvslib\CvsVersion.java,0.011
src\main\org\apache\tools\ant\types\selectors\FilenameSelector.java,0.012
src\main\org\apache\tools\ant\util\OutputStreamFunneler.java,0.001
src\tests\junit\org\apache\tools\ant\util\FileUtilsTest.java,0.005
src\main\org\apache\tools\ant\util\SourceFileScanner.java,0.009
src\main\org\apache\tools\ant\taskdefs\compilers\Jvc.java,0.009
src\tests\junit\org\apache\tools\ant\taskdefs\DemuxOutputTask.java,0
src\main\org\apache\tools\ant\util\SymbolicLinkUtils.java,0.009
src\main\org\apache\tools\ant\taskdefs\MacroDef.java,0.035
src\tests\junit\org\apache\tools\ant\taskdefs\PathConvertTest.java,0
src\etc\testcases\taskdefs\apt\DistributedAnnotationProcessor.java,0
src\main\org\apache\tools\ant\taskdefs\optional\junit\TearDownOnVmCrash.java,0.004
src\main\org\apache\tools\ant\taskdefs\Rename.java,0.003
src\tests\junit\org\apache\tools\ant\DummyTaskOk.java,0
src\main\org\apache\tools\ant\taskdefs\Copyfile.java,0
src\tests\junit\org\apache\tools\ant\taskdefs\optional\script\ScriptDefTest.java,0
src\main\org\apache\tools\zip\CentralDirectoryParsingZipExtraField.java,0.029
src\main\org\apache\tools\ant\taskdefs\Untar.java,0.217
src\main\org\apache\tools\ant\taskdefs\optional\vss\MSVSSCREATE.java,0.002
src\main\org\apache\tools\ant\taskdefs\condition\HasFreeSpace.java,0.002
src\main\org\apache\tools\ant\taskdefs\SQLExec.java,0.326
src\tests\junit\org\apache\tools\ant\taskdefs\JavadocTest.java,0.001
src\main\org\apache\tools\ant\types\FilterChain.java,0.018
src\main\org\apache\tools\ant\taskdefs\optional\native2ascii\Native2AsciiAdapter.java,0.004
src\main\org\apache\tools\ant\dispatch\Dispatchable.java,0
src\main\org\apache\tools\ant\taskdefs\optional\perforce\P4Reopen.java,0.001
src\main\org\apache\tools\ant\filters\StripLineComments.java,0.006
src\main\org\apache\tools\ant\TaskContainer.java,0.002
src\main\org\apache\tools\ant\util\XMLFragment.java,0.004
src\main\org\apache\tools\ant\types\resources\selectors\Date.java,0
src\main\org\apache\tools\ant\util\optional\JavaxScriptRunner.java,0.065
src\tests\junit\org\apache\tools\ant\taskdefs\DefaultExcludesTest.java,0
src\main\org\apache\tools\ant\taskdefs\condition\IsFileSelected.java,0
src\main\org\apache\tools\ant\taskdefs\optional\ssh\ScpToMessageBySftp.java,0.019
src\main\org\apache\tools\ant\types\FilterSetCollection.java,0
src\main\org\apache\tools\ant\taskdefs\JikesOutputParser.java,0.002
src\main\org\apache\tools\ant\taskdefs\optional\perforce\P4Base.java,0.007
src\main\org\apache\tools\ant\taskdefs\optional\ejb\EjbJar.java,0.011
src\main\org\apache\tools\ant\taskdefs\WhichResource.java,0.038
src\tests\junit\org\apache\tools\ant\taskdefs\RmicTest.java,0
src\tests\junit\org\apache\tools\ant\taskdefs\optional\junit\JUnitTaskTest.java,0.007
src\main\org\apache\tools\ant\taskdefs\BindTargets.java,0.003
src\main\org\apache\tools\ant\types\resources\Difference.java,0
src\tests\junit\org\example\tasks\TaskdefTestContainerTask.java,0
src\tests\junit\org\apache\tools\ant\taskdefs\optional\junit\JUnitClassLoaderTest.java,0
src\tests\junit\org\apache\tools\ant\taskdefs\XmlPropertyTest.java,0
src\main\org\apache\tools\ant\taskdefs\optional\perforce\P4Submit.java,0.029
src\main\org\apache\tools\ant\types\selectors\NoneSelector.java,0
src\etc\testcases\taskdefs\fixcrlf\expected\Junk8.java,0
src\main\org\apache\tools\ant\taskdefs\Sync.java,0.208
src\tests\junit\org\apache\tools\ant\taskdefs\optional\junit\XMLFormatterWithCDATAOnSystemOut.java,0
src\main\org\apache\tools\ant\taskdefs\optional\clearcase\CCUnCheckout.java,0.003
src\main\org\apache\tools\ant\types\resources\PropertyResource.java,0.014
src\etc\testcases\taskdefs\optional\depend\src5\A.java,0
src\main\org\apache\tools\ant\types\resources\comparators\FileSystem.java,0.006
src\main\org\apache\tools\ant\types\resources\Tokens.java,0.005
src\main\org\apache\tools\ant\types\resources\selectors\Exists.java,0
src\tests\junit\org\apache\tools\ant\DummyTaskWithoutDefaultConstructor.java,0
src\main\org\apache\tools\ant\taskdefs\condition\Condition.java,0.002
src\main\org\apache\tools\ant\BuildEvent.java,0.006
src\main\org\apache\tools\zip\ZipEntry.java,0.233
src\main\org\apache\tools\ant\taskdefs\optional\extension\ExtensionSet.java,0.003
src\main\org\apache\tools\ant\taskdefs\cvslib\CvsTagEntry.java,0.004
src\main\org\apache\tools\ant\taskdefs\Parallel.java,0.535
src\tests\junit\org\apache\tools\ant\taskdefs\InitializeClassTest.java,0
src\main\org\apache\tools\ant\types\selectors\PresentSelector.java,0.006
src\main\org\apache\tools\zip\AbstractUnicodeExtraField.java,0.003
src\main\org\apache\tools\ant\taskdefs\DiagnosticsTask.java,0
src\tests\junit\org\apache\tools\ant\BuildFileTest.java,0.014
src\main\org\apache\tools\ant\taskdefs\Patch.java,0.006
src\main\org\apache\tools\ant\util\regexp\JakartaOroMatcher.java,0
src\main\org\apache\tools\ant\types\selectors\WritableSelector.java,0
src\tests\antunit\core\uuencode\src\task\UUEncodeTask.java,0
src\tests\junit\org\apache\tools\ant\filters\DynamicFilterTest.java,0
src\main\org\apache\tools\ant\util\DOMElementWriter.java,0.303
src\tests\junit\org\apache\tools\ant\taskdefs\optional\junit\JUnitTestRunnerTest.java,0.006
src\main\org\apache\tools\ant\taskdefs\optional\testing\BuildTimeoutException.java,0.002
src\main\org\apache\tools\ant\types\resources\selectors\ResourceSelector.java,0.001
src\main\org\apache\tools\ant\taskdefs\optional\junit\JUnitTest.java,0.064
src\main\org\apache\tools\ant\types\selectors\SignedSelector.java,0.001
src\tests\junit\org\apache\tools\ant\types\CommandlineTest.java,0
src\tests\junit\org\apache\tools\ant\types\selectors\ContainsRegexpTest.java,0
src\main\org\apache\tools\ant\util\LineTokenizer.java,0.001
src\tests\junit\org\apache\tools\ant\PropertyFileCLITest.java,0.003
src\main\org\apache\tools\ant\taskdefs\optional\sos\SOSCmd.java,0.01
src\main\org\apache\tools\ant\taskdefs\optional\junit\BaseTest.java,0.01
src\main\org\apache\tools\ant\DynamicElement.java,0.002
src\etc\testcases\taskdefs\optional\depend\src4\test\MethodParam.java,0
src\main\org\apache\tools\ant\types\resources\AbstractResourceCollectionWrapper.java,0.013
src\tests\junit\org\apache\tools\ant\types\PatternSetTest.java,0.002
src\main\org\apache\tools\ant\taskdefs\BUnzip2.java,0.009
src\main\org\apache\tools\ant\types\resources\LogOutputResource.java,0.002
src\main\org\apache\tools\ant\launch\Launcher.java,0.216
src\tests\junit\org\apache\tools\ant\types\MapperTest.java,0.001
src\main\org\apache\tools\ant\types\resources\Restrict.java,0.016
src\tests\antunit\core\uuencode\src\task\UUDecodeTask.java,0
src\tests\junit\org\apache\tools\ant\types\FilterSetTest.java,0
src\main\org\apache\tools\ant\types\resources\AbstractClasspathResource.java,0.099
src\tests\junit\org\apache\tools\ant\taskdefs\StyleTest.java,0
src\main\org\apache\tools\ant\types\ZipFileSet.java,0.02
src\main\org\apache\tools\ant\taskdefs\optional\sos\SOS.java,0.015
src\tests\junit\org\apache\tools\mail\MailMessageTest.java,0.001
src\main\org\apache\tools\ant\taskdefs\cvslib\CvsUser.java,0
src\tests\junit\org\apache\tools\ant\taskdefs\AntTest.java,0.004
src\main\org\apache\tools\ant\taskdefs\ResourceCount.java,0.001
src\main\org\apache\tools\ant\taskdefs\Java.java,0.136
src\etc\testcases\taskdefs\optional\depend\src2\A.java,0
src\etc\testcases\taskdefs\optional\depend\src4\test\Outer.java,0
src\tests\junit\org\apache\tools\ant\util\regexp\JakartaOroMatcherTest.java,0
src\main\org\apache\tools\bzip2\CBZip2OutputStream.java,0.118
src\main\org\apache\tools\ant\types\selectors\FileSelector.java,0
src\main\org\apache\tools\ant\util\regexp\Regexp.java,0.001
src\etc\testcases\taskdefs\optional\depend\src1\A.java,0
src\main\org\apache\tools\ant\types\resources\ImmutableResourceException.java,0
src\tests\junit\org\example\junit\XmlParserTest.java,0
src\main\org\apache\tools\ant\types\ResourceLocation.java,0
src\tests\junit\org\apache\tools\ant\taskdefs\FailTest.java,0
src\main\org\apache\tools\ant\taskdefs\Sleep.java,0.002
src\etc\testcases\taskdefs\fixcrlf\expected\Junk6.java,0
src\tests\junit\org\apache\tools\ant\taskdefs\optional\junit\Sleeper.java,0
src\main\org\apache\tools\ant\taskdefs\Ear.java,0.355
src\main\org\apache\tools\ant\taskdefs\optional\extension\JarLibResolveTask.java,0.004
src\main\org\apache\tools\ant\taskdefs\compilers\CompilerAdapterExtension.java,0
src\etc\testcases\taskdefs\fixcrlf\input\Junk7.java,0
src\main\org\apache\tools\ant\util\FlatFileNameMapper.java,0
src\main\org\apache\tools\ant\taskdefs\optional\extension\ExtensionAdapter.java,0.002
src\main\org\apache\tools\ant\util\ReflectWrapper.java,0.001
src\main\org\apache\tools\ant\taskdefs\condition\IsFalse.java,0
src\tests\junit\org\apache\tools\ant\types\PolyTest.java,0
src\main\org\apache\tools\ant\taskdefs\optional\ejb\JonasDeploymentTool.java,0.017
src\main\org\apache\tools\ant\util\UUEncoder.java,0
src\etc\testcases\taskdefs\optional\javah\input\org\example\Foo.java,0
src\tests\junit\org\apache\tools\ant\taskdefs\ParallelTest.java,0
src\tests\junit\org\apache\tools\ant\taskdefs\ManifestTest.java,0.002
src\main\org\apache\tools\ant\taskdefs\optional\junit\Enumerations.java,0
src\main\org\apache\tools\ant\taskdefs\optional\vss\MSVSSConstants.java,0.007
src\main\org\apache\tools\ant\util\depend\bcel\DependencyVisitor.java,0.004
src\main\org\apache\tools\ant\taskdefs\XmlProperty.java,0.054
src\main\org\apache\tools\ant\FileScanner.java,0.001
src\main\org\apache\tools\ant\taskdefs\LoadFile.java,0.009
src\main\org\apache\tools\ant\types\resources\JavaResource.java,0.048
src\tests\junit\org\apache\tools\ant\types\selectors\TypeSelectorTest.java,0
src\main\org\apache\tools\ant\util\regexp\JakartaRegexpMatcher.java,0.001
src\main\org\apache\tools\ant\types\selectors\SizeSelector.java,0.011
src\main\org\apache\tools\ant\BuildLogger.java,0.001
src\main\org\apache\tools\ant\ProjectHelper.java,0.61
src\main\org\apache\tools\ant\types\optional\ScriptCondition.java,0.001
src\tests\junit\org\apache\tools\ant\filters\StripJavaCommentsTest.java,0
src\tests\junit\org\apache\tools\ant\taskdefs\LoadFileTest.java,0
src\main\org\apache\tools\ant\IntrospectionHelper.java,0.28
src\main\org\apache\tools\ant\taskdefs\optional\ReplaceRegExp.java,0.029
src\main\org\apache\tools\ant\SubBuildListener.java,0.004
src\main\org\apache\tools\ant\taskdefs\ConditionTask.java,0.003
src\main\org\apache\tools\ant\DemuxInputStream.java,0.025
src\main\org\apache\tools\ant\taskdefs\optional\perforce\P4Handler.java,0
src\main\org\apache\tools\ant\taskdefs\optional\splash\SplashScreen.java,0.105
src\tests\junit\org\apache\tools\ant\util\ResourceUtilsTest.java,0
src\main\org\apache\tools\ant\taskdefs\optional\ccm\CCMCreateTask.java,0.002
src\tests\junit\org\apache\tools\ant\taskdefs\PropertyTest.java,0.003
src\tests\junit\org\apache\tools\ant\types\selectors\DepthSelectorTest.java,0
src\main\org\apache\tools\ant\types\resources\selectors\And.java,0
src\main\org\apache\tools\ant\listener\ProfileLogger.java,0.133
src\main\org\apache\tools\ant\types\XMLCatalog.java,0.031
src\main\org\apache\tools\ant\taskdefs\email\EmailAddress.java,0.003
src\main\org\apache\tools\ant\taskdefs\optional\junit\JUnit4TestMethodAdapter.java,0.015
src\tests\junit\org\apache\tools\ant\taskdefs\optional\junit\TearDownOnVmCrashTest.java,0
src\tests\junit\org\apache\tools\ant\taskdefs\condition\HttpTest.java,0.002
src\main\org\apache\tools\ant\util\ConcatResourceInputStream.java,0.003
src\main\org\apache\tools\ant\taskdefs\optional\vss\MSVSSCHECKIN.java,0.001
src\main\org\apache\tools\ant\types\resources\Sort.java,0.072
src\main\org\apache\tools\ant\types\selectors\BaseExtendSelector.java,0
src\main\org\apache\tools\ant\types\selectors\modifiedselector\ModifiedSelector.java,0.273
src\tests\junit\org\apache\tools\bzip2\CBZip2StreamTest.java,0
src\main\org\apache\tools\ant\taskdefs\optional\script\ScriptDefBase.java,0.004
src\main\org\apache\tools\ant\taskdefs\optional\ccm\CCMCheckout.java,0
src\main\org\apache\tools\ant\taskdefs\optional\perforce\P4Label.java,0.004
src\main\org\apache\tools\ant\taskdefs\optional\extension\ExtensionUtil.java,0.006
src\main\org\apache\tools\ant\util\depend\DependencyAnalyzer.java,0.004
src\main\org\apache\tools\zip\ZipEncodingHelper.java,0.009
src\tests\junit\org\apache\tools\ant\types\PropertySetTest.java,0
src\tests\junit\org\apache\tools\ant\taskdefs\optional\PropertyFileTest.java,0.004
src\main\org\apache\tools\ant\taskdefs\compilers\CompilerAdapterFactory.java,0.105
src\main\org\apache\tools\ant\types\resources\MappedResourceCollection.java,0.014
src\main\org\apache\tools\ant\filters\StripLineBreaks.java,0
src\main\org\apache\tools\ant\filters\BaseFilterReader.java,0.011
src\main\org\apache\tools\ant\taskdefs\optional\native2ascii\DefaultNative2Ascii.java,0.002
src\main\org\apache\tools\ant\taskdefs\optional\jlink\JlinkTask.java,0.001
src\etc\testcases\taskdefs\optional\depend\src1\C.java,0
src\main\org\apache\tools\ant\types\resources\comparators\ResourceComparator.java,0
src\tests\junit\org\apache\tools\ant\types\selectors\FilenameSelectorTest.java,0
src\tests\junit\org\apache\tools\ant\taskdefs\WarTest.java,0
src\tests\junit\org\apache\tools\ant\types\PermissionsTest.java,0
src\main\org\apache\tools\ant\types\optional\image\Text.java,0
src\main\org\apache\tools\ant\taskdefs\Replace.java,0.116
src\main\org\apache\tools\ant\taskdefs\optional\depend\constantpool\LongCPInfo.java,0
src\etc\testcases\taskdefs\fixcrlf\input\Junk8.java,0
src\tests\antunit\taskdefs\optional\junit\src\ExampleTest.java,0
src\main\org\apache\tools\ant\taskdefs\MakeUrl.java,0.004
src\main\org\apache\tools\ant\taskdefs\optional\extension\Compatibility.java,0
src\main\org\apache\tools\ant\types\Parameterizable.java,0
src\main\org\apache\tools\ant\util\facade\FacadeTaskHelper.java,0.065
src\main\org\apache\tools\tar\TarEntry.java,0.017
src\main\org\apache\tools\ant\taskdefs\MacroInstance.java,0.297
src\main\org\apache\tools\ant\types\mappers\CutDirsMapper.java,0.004
src\tests\junit\org\apache\tools\ant\types\PathTest.java,0.001
src\main\org\apache\tools\ant\util\WorkerAnt.java,0.005
src\main\org\apache\tools\ant\taskdefs\Exit.java,0.025
src\tests\junit\org\apache\tools\ant\taskdefs\MultiMapTest.java,0
src\main\org\apache\tools\ant\taskdefs\optional\perforce\P4Add.java,0.009
src\main\org\apache\tools\ant\taskdefs\optional\native2ascii\KaffeNative2Ascii.java,0
src\main\org\apache\tools\ant\property\NullReturn.java,0
src\tests\junit\org\apache\tools\ant\ExtendedTaskdefTest.java,0
src\tests\junit\org\apache\tools\ant\util\VectorSetTest.java,0.015
src\main\org\apache\tools\ant\taskdefs\optional\extension\JarLibAvailableTask.java,0.002
src\tests\junit\org\apache\tools\ant\taskdefs\optional\junit\JUnitReportTest.java,0
src\main\org\apache\tools\ant\util\ReaderInputStream.java,0.018
src\main\org\apache\tools\ant\types\ZipScanner.java,0.201
src\main\org\apache\tools\ant\util\ScriptFixBSFPath.java,0.001
src\main\org\apache\tools\ant\taskdefs\Checksum.java,0.416
src\main\org\apache\tools\ant\taskdefs\optional\javah\Kaffeh.java,0.004
src\etc\testcases\taskdefs\fixcrlf\input\Junk6.java,0
src\main\org\apache\tools\ant\taskdefs\optional\junit\XMLJUnitResultFormatter.java,0.029
src\main\org\apache\tools\ant\util\KeepAliveOutputStream.java,0
src\main\org\apache\tools\ant\TaskConfigurationChecker.java,0.002
src\main\org\apache\tools\ant\types\ResourceCollection.java,0
src\main\org\apache\tools\ant\taskdefs\Local.java,0.013
src\main\org\apache\tools\ant\filters\LineContainsRegExp.java,0.225
src\main\org\apache\tools\ant\taskdefs\DefBase.java,0.01
src\main\org\apache\tools\ant\taskdefs\optional\vss\MSVSSLABEL.java,0
src\tests\junit\org\apache\tools\ant\taskdefs\UntarTest.java,0
src\tests\junit\org\apache\tools\ant\filters\NoNewLineTest.java,0
src\main\org\apache\tools\ant\Location.java,0.014
src\main\org\apache\tools\ant\types\selectors\SelectorUtils.java,0.051
src\tests\junit\org\apache\tools\ant\types\DescriptionTest.java,0
src\main\org\apache\tools\ant\taskdefs\optional\Cab.java,0.067
src\etc\testcases\taskdefs\javadoc\java\ClassToJavadoc.java,0
src\tests\junit\org\apache\tools\ant\taskdefs\SubAntTest.java,0
src\main\org\apache\tools\ant\taskdefs\optional\unix\Chgrp.java,0.001
src\main\org\apache\tools\ant\taskdefs\optional\perforce\P4OutputHandler.java,0
src\main\org\apache\tools\ant\util\FileTokenizer.java,0
src\main\org\apache\tools\ant\taskdefs\optional\jsp\compilers\JasperC.java,0.025
src\main\org\apache\tools\ant\types\resources\selectors\Size.java,0
src\main\org\apache\tools\ant\util\SplitClassLoader.java,0
src\main\org\apache\tools\ant\taskdefs\optional\junit\DOMUtil.java,0.002
src\main\org\apache\tools\ant\types\selectors\TokenizedPath.java,0.011
src\main\org\apache\tools\ant\types\optional\AbstractScriptComponent.java,0.15
src\main\org\apache\tools\ant\taskdefs\optional\depend\constantpool\FloatCPInfo.java,0
src\tests\junit\org\apache\tools\ant\taskdefs\dir2\A.java,0
src\main\org\apache\tools\ant\types\ResourceFactory.java,0.001
src\main\org\apache\tools\ant\taskdefs\optional\extension\resolvers\URLResolver.java,0.002
src\tests\junit\org\apache\tools\ant\taskdefs\optional\perforce\P4ChangeTest.java,0
src\main\org\apache\tools\ant\taskdefs\compilers\DefaultCompilerAdapter.java,0.153
src\tests\junit\org\apache\tools\ant\taskdefs\JarTest.java,0.004
src\tests\junit\org\apache\tools\ant\util\UnPackageNameMapperTest.java,0
src\tests\junit\org\apache\tools\ant\util\JAXPUtilsTest.java,0
src\main\org\apache\tools\ant\taskdefs\optional\junit\AggregateTransformer.java,0.064
src\main\org\apache\tools\ant\input\DefaultInputHandler.java,0.019
src\main\org\apache\tools\ant\taskdefs\email\Message.java,0.024
src\main\org\apache\tools\ant\taskdefs\Echo.java,0.026
src\main\org\apache\tools\ant\filters\ReplaceTokens.java,0.204
src\main\org\apache\tools\tar\TarConstants.java,0.007
src\main\org\apache\tools\ant\taskdefs\condition\ParserSupports.java,0.001
src\main\org\apache\tools\ant\filters\TokenFilter.java,0.053
src\main\org\apache\tools\ant\taskdefs\optional\junit\FailureRecorder.java,0.139
src\main\org\apache\tools\ant\taskdefs\optional\depend\constantpool\Utf8CPInfo.java,0.001
src\tests\junit\org\apache\tools\ant\taskdefs\optional\JavahTest.java,0.001
src\main\org\apache\tools\ant\taskdefs\optional\depend\AntAnalyzer.java,0.002
src\main\org\apache\tools\ant\taskdefs\optional\clearcase\ClearCase.java,0.008
src\main\org\apache\tools\ant\filters\TailFilter.java,0.006
src\tests\junit\org\apache\tools\ant\DispatchTaskTest.java,0
src\main\org\apache\tools\ant\taskdefs\Pack.java,0.04
src\main\org\apache\tools\ant\taskdefs\cvslib\RedirectingStreamHandler.java,0
src\etc\testcases\taskdefs\optional\depend\src5\B.java,0
src\main\org\apache\tools\ant\taskdefs\optional\depend\constantpool\StringCPInfo.java,0
src\main\org\apache\tools\ant\util\CollectionUtils.java,0.106
src\main\org\apache\tools\ant\filters\ClassConstants.java,0.018
src\tests\junit\org\apache\tools\ant\taskdefs\InputTest.java,0
src\main\org\apache\tools\zip\ZipEncoding.java,0
src\main\org\apache\tools\ant\types\resources\ResourceDecorator.java,0.003
src\tests\junit\org\apache\tools\ant\taskdefs\JavacTest.java,0
src\main\org\apache\tools\ant\taskdefs\HostInfo.java,0.043
src\main\org\apache\tools\ant\taskdefs\Dirname.java,0
src\main\org\apache\tools\ant\taskdefs\ImportTask.java,0.094
src\main\org\apache\tools\ant\taskdefs\DependSet.java,0.223
src\etc\testcases\taskdefs\fixcrlf\input\Junk5.java,0
src\main\org\apache\tools\ant\util\ScriptRunnerCreator.java,0.006
src\main\org\apache\tools\ant\taskdefs\PumpStreamHandler.java,0.252
src\main\org\apache\tools\ant\types\selectors\SelectorContainer.java,0.006
src\main\org\apache\tools\ant\taskdefs\optional\javah\SunJavah.java,0.005
src\main\org\apache\tools\ant\types\selectors\ExtendFileSelector.java,0.001
src\main\org\apache\tools\ant\taskdefs\PreSetDef.java,0.01
src\main\org\apache\tools\ant\taskdefs\SendEmail.java,0.01
src\tests\junit\org\apache\tools\ant\filters\EscapeUnicodeTest.java,0
src\etc\testcases\taskdefs\fixcrlf\expected\Junk9.java,0
src\tests\junit\org\apache\tools\ant\launch\LocatorTest.java,0.021
src\tests\junit\org\apache\tools\ant\DummyTaskWithNonPublicExecute.java,0
src\main\org\apache\tools\ant\types\selectors\modifiedselector\EqualComparator.java,0.001
src\main\org\apache\tools\ant\taskdefs\optional\ssh\ScpToMessage.java,0.046
src\main\org\apache\tools\ant\types\optional\depend\DependScanner.java,0.01
src\tests\junit\org\apache\tools\ant\taskdefs\condition\IsFileSelectedTest.java,0
src\tests\junit\org\apache\tools\ant\taskdefs\BZip2Test.java,0
src\main\org\apache\tools\ant\taskdefs\optional\ssh\AbstractSshMessage.java,0.034
src\main\org\apache\tools\ant\taskdefs\Jikes.java,0.001
src\main\org\apache\tools\ant\taskdefs\email\Mailer.java,0.423
src\main\org\apache\tools\ant\types\selectors\modifiedselector\Cache.java,0.002
src\tests\junit\org\apache\tools\ant\util\facade\ImplementationSpecificArgumentTest.java,0
src\main\org\apache\tools\mail\SmtpResponseReader.java,0
src\main\org\apache\tools\ant\taskdefs\optional\ejb\InnerClassFilenameFilter.java,0.001
src\tests\junit\org\apache\tools\ant\types\selectors\MockCache.java,0
src\main\org\apache\tools\ant\taskdefs\optional\j2ee\GenericHotDeploymentTool.java,0.002
src\tests\junit\org\apache\tools\ant\PickOneTask.java,0
src\main\org\apache\tools\ant\util\KeepAliveInputStream.java,0
src\tests\junit\org\apache\tools\ant\taskdefs\optional\AbstractXSLTLiaisonTest.java,0
src\tests\junit\org\apache\tools\ant\taskdefs\DeleteTest.java,0
src\main\org\apache\tools\ant\taskdefs\optional\perforce\FStatP4OutputHandler.java,0.003
src\main\org\apache\tools\ant\types\optional\image\TransformOperation.java,0.001
src\tests\junit\org\apache\tools\ant\taskdefs\AvailableTest.java,0
src\main\org\apache\tools\ant\taskdefs\CVSPass.java,0.003
src\main\org\apache\tools\ant\taskdefs\condition\Matches.java,0.007
src\tests\junit\org\apache\tools\tar\TarRoundTripTest.java,0
src\tests\junit\org\apache\tools\ant\types\selectors\MockAlgorithm.java,0
src\main\org\apache\tools\ant\taskdefs\optional\junit\JUnitTaskMirrorImpl.java,0.243
src\main\org\apache\tools\ant\taskdefs\email\EmailTask.java,0.41
src\main\org\apache\tools\ant\taskdefs\optional\depend\constantpool\ConstantPoolEntry.java,0.004
src\main\org\apache\tools\ant\types\Reference.java,0.011
src\main\org\apache\tools\ant\types\selectors\BaseSelectorContainer.java,0.022
src\main\org\apache\tools\ant\types\resources\FileResource.java,0.506
src\main\org\apache\tools\zip\ZipOutputStream.java,0.108
src\main\org\apache\tools\ant\DynamicAttributeNS.java,0
src\tests\junit\org\apache\tools\zip\ZipOutputStreamTest.java,0
src\main\org\apache\tools\ant\helper\IgnoreDependenciesExecutor.java,0
src\main\org\apache\tools\zip\NioZipEncoding.java,0
src\main\org\apache\tools\ant\taskdefs\ExecuteOn.java,0.658
src\main\org\apache\tools\ant\taskdefs\email\MimeMailer.java,0.514
src\tests\junit\org\apache\tools\ant\DummyTaskOkNonTask.java,0
src\main\org\apache\tools\ant\filters\util\JavaClassHelper.java,0
src\main\org\apache\tools\ant\taskdefs\optional\clearcase\CCMkdir.java,0
src\tests\junit\org\apache\tools\ant\util\PackageNameMapperTest.java,0
src\main\org\apache\tools\ant\helper\SingleCheckExecutor.java,0.001
src\tests\junit\org\apache\tools\ant\taskdefs\ImportTest.java,0
src\main\org\apache\tools\ant\types\resources\comparators\Size.java,0
src\tests\junit\org\apache\tools\ant\TaskContainerTest.java,0
src\main\org\apache\tools\ant\taskdefs\condition\And.java,0
src\tests\junit\org\apache\tools\ant\util\JavaEnvUtilsTest.java,0
src\main\org\apache\tools\ant\taskdefs\condition\ResourceContains.java,0.002
src\main\org\apache\tools\ant\taskdefs\optional\javacc\JJDoc.java,0.024
src\main\org\apache\tools\ant\taskdefs\optional\image\Image.java,0.052
src\tests\junit\org\apache\tools\ant\taskdefs\optional\image\ImageTest.java,0.003
src\tests\junit\org\apache\tools\ant\util\SymlinkUtilsTest.java,0.001
src\main\org\apache\tools\ant\DefaultLogger.java,0.249
src\main\org\apache\tools\ant\MagicNames.java,0.196
src\main\org\apache\tools\ant\util\WeakishReference.java,0.005
src\main\org\apache\tools\ant\types\ArchiveFileSet.java,0.177
src\etc\testcases\taskdefs\fixcrlf\input\Junk3.java,0
src\main\org\apache\tools\ant\input\PropertyFileInputHandler.java,0.001
src\main\org\apache\tools\ant\taskdefs\optional\junit\Constants.java,0.506
src\main\org\apache\tools\ant\types\selectors\DateSelector.java,0.019
src\main\org\apache\tools\ant\taskdefs\CloseResources.java,0
src\main\org\apache\tools\ant\util\StringUtils.java,0.29
src\main\org\apache\tools\ant\types\resources\FileProvider.java,0.008
src\main\org\apache\tools\ant\types\selectors\MajoritySelector.java,0.001
src\tests\junit\org\apache\tools\ant\taskdefs\UpToDateTest.java,0
src\etc\testcases\taskdefs\fixcrlf\input\Junk1.java,0.001
src\main\org\apache\tools\ant\Executor.java,0.003
src\main\org\apache\tools\ant\taskdefs\optional\NetRexxC.java,0.496
src\tests\junit\org\apache\tools\ant\ProjectTest.java,0.004
src\main\org\apache\tools\ant\taskdefs\optional\perforce\P4Change.java,0
src\tests\junit\org\apache\tools\ant\taskdefs\ZipTest.java,0.001
src\main\org\apache\tools\ant\taskdefs\Retry.java,0.107
src\main\org\apache\tools\ant\taskdefs\optional\jsp\compilers\DefaultJspCompilerAdapter.java,0.006
src\main\org\apache\tools\ant\taskdefs\XSLTLoggerAware.java,0
src\main\org\apache\tools\ant\launch\LaunchException.java,0.001
src\main\org\apache\tools\ant\taskdefs\optional\ssh\LogListener.java,0
src\main\org\apache\tools\ant\taskdefs\condition\Or.java,0
src\main\org\apache\tools\ant\util\MergingMapper.java,0.001
src\tests\junit\org\apache\tools\ant\taskdefs\BasenameTest.java,0
src\main\org\apache\tools\ant\filters\FixCrLfFilter.java,0.017
src\tests\junit\org\apache\tools\ant\taskdefs\ProtectedJarMethodsTest.java,0
src\main\org\apache\tools\ant\util\optional\NoExitSecurityManager.java,0
src\main\org\apache\tools\ant\helper\ProjectHelper2.java,0.566
src\main\org\apache\tools\ant\taskdefs\optional\extension\Specification.java,0.018
src\tests\junit\org\apache\tools\ant\taskdefs\FilterTest.java,0
src\tests\junit\org\apache\tools\ant\types\selectors\SignedSelectorTest.java,0
src\etc\testcases\taskdefs\apt\Distributed.java,0
src\main\org\apache\tools\ant\listener\AnsiColorLogger.java,0.005
src\tests\junit\org\apache\tools\ant\types\selectors\BaseSelectorTest.java,0
src\tests\junit\org\apache\tools\ant\taskdefs\FixCrLfTest.java,0
src\main\org\apache\tools\ant\taskdefs\rmic\RmicAdapter.java,0.006
src\main\org\apache\tools\ant\taskdefs\condition\IsSigned.java,0.001
src\tests\junit\org\apache\tools\ant\PropertyExpansionTest.java,0
src\tests\junit\org\apache\tools\ant\taskdefs\TaskdefTest.java,0
src\tests\junit\org\apache\tools\ant\AntClassLoaderDelegationTest.java,0.002
src\etc\testcases\taskdefs\apt\AptExample.java,0
src\main\org\apache\tools\ant\taskdefs\optional\depend\ClassFile.java,0.009
src\main\org\apache\tools\ant\types\resources\Resources.java,0.395
src\main\org\apache\tools\ant\taskdefs\Available.java,0.058
src\main\org\apache\tools\ant\util\CompositeMapper.java,0.009
src\main\org\apache\tools\ant\util\optional\ScriptRunner.java,0.014
src\main\org\apache\tools\ant\taskdefs\Ant.java,0.328
src\main\org\apache\tools\ant\util\Base64Converter.java,0.028
src\main\org\apache\tools\ant\taskdefs\optional\jlink\ClassNameReader.java,0.002
src\main\org\apache\tools\ant\types\resolver\ApacheCatalog.java,0.001
src\main\org\apache\tools\ant\types\Description.java,0.168
src\tests\antunit\taskdefs\javac-dir\good-src\Simple.java,0
src\main\org\apache\tools\ant\listener\BigProjectLogger.java,0.003
src\main\org\apache\tools\ant\types\resources\selectors\Name.java,0.06
src\main\org\apache\tools\ant\types\resources\BZip2Resource.java,0
src\tests\junit\org\apache\tools\ant\util\DOMElementWriterTest.java,0.005
src\main\org\apache\tools\ant\types\resources\ContentTransformingResource.java,0.003
src\main\org\apache\tools\ant\types\optional\image\DrawOperation.java,0
src\main\org\apache\tools\ant\taskdefs\optional\sos\SOSCheckout.java,0
src\tests\junit\org\apache\tools\ant\types\selectors\TokenizedPatternTest.java,0
src\tests\junit\org\apache\tools\ant\filters\HeadTailTest.java,0
src\main\org\apache\tools\ant\taskdefs\optional\ejb\JbossDeploymentTool.java,0.008
src\main\org\apache\tools\ant\taskdefs\optional\clearcase\CCMkbl.java,0.001
src\etc\testcases\taskdefs\optional\depend\src3\B.java,0
src\tests\junit\org\apache\tools\ant\util\regexp\Jdk14RegexpMatcherTest.java,0
src\tests\junit\org\apache\tools\ant\types\AddTypeTest.java,0
src\main\org\apache\tools\ant\listener\SimpleBigProjectLogger.java,0.001
src\main\org\apache\tools\ant\util\StringTokenizer.java,0
src\main\org\apache\tools\ant\taskdefs\optional\extension\LibFileSet.java,0.001
src\tests\junit\org\apache\tools\ant\taskdefs\TouchTest.java,0
src\main\org\apache\tools\ant\util\depend\AbstractAnalyzer.java,0.012
src\main\org\apache\tools\ant\taskdefs\optional\ejb\BorlandDeploymentTool.java,0.01
src\main\org\apache\tools\ant\types\DirSet.java,0.001
src\main\org\apache\tools\ant\taskdefs\XSLTLiaison2.java,0.003
src\main\org\apache\tools\ant\PropertyHelper.java,0.578
src\main\org\apache\tools\ant\util\LazyFileOutputStream.java,0
src\etc\testcases\taskdefs\fixcrlf\input\Junk9.java,0
src\main\org\apache\tools\zip\ZipShort.java,0.139
src\main\org\apache\tools\ant\types\selectors\modifiedselector\HashvalueAlgorithm.java,0.003
src\main\org\apache\tools\ant\taskdefs\optional\perforce\P4Integrate.java,0.003
src\tests\junit\org\apache\tools\ant\loader\AntClassLoader5Test.java,0
src\main\org\apache\tools\ant\types\ArchiveScanner.java,0.085
src\main\org\apache\tools\ant\taskdefs\GUnzip.java,0.009
src\main\org\apache\tools\ant\taskdefs\rmic\WLRmic.java,0.118
src\tests\junit\org\apache\tools\ant\taskdefs\condition\IsReferenceTest.java,0
src\main\org\apache\tools\ant\taskdefs\optional\junit\PlainJUnitResultFormatter.java,0.034
src\main\org\apache\tools\ant\types\selectors\DependSelector.java,0
src\tests\junit\org\apache\tools\ant\taskdefs\optional\ssh\ScpTest.java,0
src\main\org\apache\tools\ant\types\resources\BaseResourceCollectionWrapper.java,0.006
src\tests\junit\org\apache\tools\ant\taskdefs\optional\unix\SymlinkTest.java,0.001
src\tests\junit\org\apache\tools\ant\types\EnumeratedAttributeTest.java,0
src\tests\junit\org\apache\tools\ant\taskdefs\TypeAdapterTest.java,0
src\tests\junit\org\apache\tools\ant\util\StringUtilsTest.java,0
src\main\org\apache\tools\ant\taskdefs\optional\testing\Funtest.java,0.015
src\tests\junit\org\apache\tools\ant\taskdefs\GetTest.java,0
src\main\org\apache\tools\ant\Target.java,0.135
src\tests\junit\org\apache\tools\ant\taskdefs\TStampTest.java,0
src\main\org\apache\tools\ant\taskdefs\optional\junit\FormatterElement.java,0.076
src\main\org\apache\tools\ant\taskdefs\optional\depend\constantpool\IntegerCPInfo.java,0
src\main\org\apache\tools\ant\filters\LineContains.java,0.019
src\main\org\apache\tools\ant\taskdefs\Javadoc.java,0.347
src\main\org\apache\tools\bzip2\CBZip2InputStream.java,0.024
src\main\org\apache\tools\ant\taskdefs\PropertyHelperTask.java,0.037
src\main\org\apache\tools\ant\types\Environment.java,0.01
src\tests\junit\org\apache\tools\ant\taskdefs\CVSPassTest.java,0
src\tests\junit\org\apache\tools\ant\taskdefs\ManifestClassPathTest.java,0.004
src\main\org\apache\tools\ant\types\resources\CompressedResource.java,0.016
src\tests\junit\org\apache\tools\zip\ZipLongTest.java,0
src\main\org\apache\tools\zip\AsiExtraField.java,0.164
src\main\org\apache\tools\ant\taskdefs\Unpack.java,0.022
src\main\org\apache\tools\ant\filters\SuffixLines.java,0
src\main\org\apache\tools\ant\taskdefs\compilers\Gcj.java,0.043
src\main\org\apache\tools\ant\taskdefs\Manifest.java,0.234
src\main\org\apache\tools\ant\taskdefs\optional\ejb\BorlandGenerateClient.java,0.01
src\main\org\apache\tools\ant\taskdefs\optional\pvcs\PvcsProject.java,0
src\main\org\apache\tools\ant\taskdefs\optional\junit\JUnitVersionHelper.java,0.028
src\main\org\apache\tools\ant\types\RedirectorElement.java,0.009
src\main\org\apache\tools\ant\types\Commandline.java,0.334
src\tests\junit\org\apache\tools\ant\types\mappers\RegexpPatternMapperTest.java,0
src\main\org\apache\tools\tar\TarInputStream.java,0.218
src\main\org\apache\tools\ant\types\selectors\MappingSelector.java,0.002
src\main\org\apache\tools\ant\DemuxOutputStream.java,0.004
src\main\org\apache\tools\ant\ExtensionPoint.java,0.001
src\tests\junit\org\apache\tools\ant\taskdefs\optional\junit\NoVmCrash.java,0
src\main\org\apache\tools\ant\taskdefs\optional\perforce\P4Have.java,0.001
src\tests\junit\org\apache\tools\ant\AntClassLoaderTest.java,0.002
src\main\org\apache\tools\ant\types\resources\selectors\Compare.java,0.001
src\main\org\apache\tools\ant\taskdefs\optional\ssh\Directory.java,0.006
src\main\org\apache\tools\ant\types\resources\Last.java,0
src\tests\junit\org\apache\tools\ant\taskdefs\optional\XsltTest.java,0.001
src\main\org\apache\tools\ant\taskdefs\optional\script\ScriptDef.java,0.181
src\main\org\apache\tools\ant\taskdefs\optional\ANTLR.java,0.033
src\main\org\apache\tools\ant\ProjectComponent.java,0.006
src\main\org\apache\tools\ant\taskdefs\optional\perforce\P4HandlerAdapter.java,0.013
src\main\org\apache\tools\ant\Project.java,0.782
src\etc\testcases\core\loaderref\src\Task1.java,0
src\etc\testcases\taskdefs\manifestclasspath\Beta.java,0
src\main\org\apache\tools\ant\Diagnostics.java,0.093
src\main\org\apache\tools\ant\taskdefs\optional\junit\SummaryJUnitResultFormatter.java,0.032
src\main\org\apache\tools\ant\taskdefs\optional\depend\constantpool\NameAndTypeCPInfo.java,0
src\tests\junit\org\example\junit\ThreadedOutput.java,0
src\tests\junit\org\apache\tools\ant\taskdefs\optional\XmlValidateTest.java,0
src\tests\junit\org\apache\tools\ant\DirectoryScannerTest.java,0.006
src\tests\junit\org\apache\tools\ant\taskdefs\DynamicTest.java,0
src\main\org\apache\tools\bzip2\BZip2Constants.java,0.002
src\tests\junit\org\apache\tools\ant\DummyTaskWithoutExecute.java,0
src\main\org\apache\tools\ant\taskdefs\optional\ccm\CCMCheckin.java,0
src\main\org\apache\tools\ant\DynamicAttribute.java,0
src\tests\antunit\core\uuencode\src\task\BaseTask.java,0.001
src\main\org\apache\tools\ant\util\TimeoutObserver.java,0.004
src\main\org\apache\tools\ant\types\resources\LazyResourceCollectionWrapper.java,0.013
src\main\org\apache\tools\ant\types\optional\ScriptFilter.java,0.162
src\tests\junit\org\apache\tools\ant\taskdefs\optional\TraXLiaisonTest.java,0
src\etc\testcases\taskdefs\optional\depend\src1\D.java,0
src\tests\junit\org\apache\tools\ant\taskdefs\dir1\B.java,0
src\tests\junit\org\apache\tools\ant\util\ClasspathUtilsTest.java,0
src\main\org\apache\tools\ant\filters\BaseParamFilterReader.java,0
src\tests\junit\org\apache\tools\ant\taskdefs\optional\junit\TestFormatter.java,0
src\main\org\apache\tools\ant\types\resources\BaseResourceCollectionContainer.java,0.014
src\main\org\apache\tools\ant\taskdefs\optional\depend\ClassFileUtils.java,0
src\main\org\apache\tools\ant\types\optional\ScriptSelector.java,0
src\main\org\apache\tools\ant\types\resources\selectors\None.java,0
src\tests\junit\org\apache\tools\ant\taskdefs\ConditionTest.java,0
src\main\org\apache\tools\ant\taskdefs\Exec.java,0.015
src\main\org\apache\tools\ant\taskdefs\optional\net\SetProxy.java,0.034
src\main\org\apache\tools\ant\taskdefs\condition\IsReference.java,0
src\main\org\apache\tools\ant\taskdefs\condition\IsReachable.java,0.001
src\tests\junit\org\apache\tools\ant\taskdefs\NiceTest.java,0
src\etc\testcases\taskdefs\fixcrlf\expected\Junk7.java,0
src\main\org\apache\tools\ant\types\resources\BCFileSet.java,0.001
src\main\org\apache\tools\zip\UnicodePathExtraField.java,0.002
src\main\org\apache\tools\ant\taskdefs\Rmic.java,0.248
src\tests\junit\org\apache\tools\ant\util\facade\FacadeTaskHelperTest.java,0
src\main\org\apache\tools\ant\taskdefs\optional\extension\resolvers\LocationResolver.java,0
src\main\org\apache\tools\ant\taskdefs\condition\Contains.java,0.001
src\main\org\apache\tools\ant\taskdefs\optional\j2ee\AbstractHotDeploymentTool.java,0.002
src\tests\junit\org\apache\tools\ant\taskdefs\optional\i18n\TranslateTest.java,0
src\main\org\apache\tools\ant\taskdefs\optional\sound\SoundTask.java,0.002
src\tests\junit\org\apache\tools\ant\taskdefs\TaskdefsTest.java,0
src\main\org\apache\tools\ant\types\optional\image\Rectangle.java,0.001
src\main\org\apache\tools\ant\util\regexp\Jdk14RegexpMatcher.java,0.001
src\main\org\apache\tools\ant\input\InputRequest.java,0.011
src\main\org\apache\tools\ant\taskdefs\optional\ejb\WeblogicDeploymentTool.java,0.201
src\tests\junit\org\apache\tools\ant\types\XMLCatalogBuildFileTest.java,0
src\tests\junit\org\apache\tools\ant\taskdefs\AbstractCvsTaskTest.java,0
src\tests\junit\org\apache\tools\ant\taskdefs\SignJarTest.java,0.002
src\main\org\apache\tools\ant\taskdefs\optional\native2ascii\SunNative2Ascii.java,0.001
src\main\org\apache\tools\ant\taskdefs\AntStructure.java,0.51
src\tests\junit\org\apache\tools\ant\DefaultLoggerTest.java,0.006
src\main\org\apache\tools\ant\util\LineOrientedOutputStream.java,0.021
src\main\org\apache\tools\ant\util\Watchdog.java,0.014
src\tests\junit\org\apache\tools\ant\taskdefs\MkdirTest.java,0
src\tests\junit\org\apache\tools\ant\taskdefs\condition\IsFailureTest.java,0
src\main\org\apache\tools\ant\types\resources\selectors\Not.java,0
src\main\org\apache\tools\ant\ExitStatusException.java,0.001
src\main\org\apache\tools\ant\types\Path.java,0.27
src\main\org\apache\tools\ant\taskdefs\optional\perforce\P4Resolve.java,0.003
src\main\org\apache\tools\ant\util\RetryHandler.java,0.002
src\main\org\apache\tools\ant\util\PackageNameMapper.java,0.005
src\main\org\apache\tools\ant\types\resources\selectors\Type.java,0.002
src\main\org\apache\tools\ant\taskdefs\Truncate.java,0.005
src\main\org\apache\tools\ant\taskdefs\optional\jsp\compilers\JspCompilerAdapter.java,0
src\tests\junit\org\apache\tools\ant\taskdefs\DirnameTest.java,0
src\main\org\apache\tools\ant\types\optional\image\Arc.java,0.045
src\main\org\apache\tools\ant\taskdefs\optional\net\FTPTaskMirror.java,0
src\main\org\apache\tools\ant\taskdefs\Length.java,0.026
src\tests\junit\org\apache\tools\ant\util\regexp\RegexpMatcherTest.java,0
src\main\org\apache\tools\ant\listener\CommonsLoggingListener.java,0.004
src\main\org\apache\tools\ant\helper\AntXMLContext.java,0.064
src\main\org\apache\tools\ant\types\resources\StringResource.java,0.045
src\main\org\apache\tools\ant\util\regexp\RegexpFactory.java,0.006
src\tests\junit\org\apache\tools\ant\util\GlobPatternMapperTest.java,0
src\main\org\apache\tools\ant\taskdefs\cvslib\RCSFile.java,0.002
src\main\org\apache\tools\ant\taskdefs\optional\sos\SOSGet.java,0.003
src\main\org\apache\tools\ant\taskdefs\optional\jsp\JspC.java,0.029
src\main\org\apache\tools\ant\taskdefs\optional\i18n\Translate.java,0.075
src\main\org\apache\tools\ant\taskdefs\Antlib.java,0.016
src\main\org\apache\tools\ant\taskdefs\compilers\JavacExternal.java,0.007
src\main\org\apache\tools\ant\taskdefs\Delete.java,0.229
src\tests\junit\org\apache\tools\ant\taskdefs\optional\JspcTest.java,0
src\main\org\apache\tools\ant\types\LogLevel.java,0.001
src\main\org\apache\tools\ant\taskdefs\cvslib\RedirectingOutputStream.java,0
src\main\org\apache\tools\ant\taskdefs\BuildNumber.java,0.006
src\main\org\apache\tools\ant\types\EnumeratedAttribute.java,0.01
src\main\org\apache\tools\ant\taskdefs\Get.java,0.567
src\main\org\apache\tools\ant\util\JAXPUtils.java,0.006
src\tests\junit\org\apache\tools\ant\taskdefs\optional\jdepend\JDependTest.java,0
src\tests\junit\org\apache\tools\ant\taskdefs\optional\ReplaceRegExpTest.java,0.001
src\main\org\apache\tools\zip\Simple8BitZipEncoding.java,0.002
src\main\org\apache\tools\ant\taskdefs\BZip2.java,0.001
src\main\org\apache\tools\ant\taskdefs\StreamPumper.java,0.064
src\tests\junit\org\apache\tools\ant\taskdefs\DynamicTask.java,0
src\main\org\apache\tools\ant\taskdefs\optional\net\RExecTask.java,0.057
src\main\org\apache\tools\ant\util\ChainedMapper.java,0.004
src\main\org\apache\tools\ant\types\PatternSet.java,0.041
src\main\org\apache\tools\ant\taskdefs\optional\jsp\JspNameMangler.java,0.002
src\tests\junit\org\apache\tools\ant\ImmutableTest.java,0
src\tests\junit\org\apache\tools\ant\taskdefs\condition\TypeFoundTest.java,0
src\tests\junit\org\apache\tools\ant\ExecutorTest.java,0.001
src\main\org\apache\tools\ant\types\Comparison.java,0
src\main\org\apache\tools\zip\ZipFile.java,0.177
src\tests\junit\org\apache\tools\ant\LocationTest.java,0
src\tests\junit\org\apache\tools\ant\taskdefs\ConcatTest.java,0.002
src\tests\junit\org\apache\tools\ant\taskdefs\WhichResourceTest.java,0
src\main\org\apache\tools\ant\property\LocalProperties.java,0.029
src\main\org\apache\tools\ant\dispatch\DispatchTask.java,0
src\main\org\apache\tools\ant\property\LocalPropertyStack.java,0.016
src\main\org\apache\tools\zip\UnrecognizedExtraField.java,0.072
src\tests\junit\org\apache\tools\ant\types\selectors\MockComparator.java,0
src\etc\testcases\taskdefs\optional\depend\src1\E.java,0
src\main\org\apache\tools\ant\taskdefs\optional\extension\ExtensionResolver.java,0
src\main\org\apache\tools\ant\taskdefs\optional\XSLTTraceSupport.java,0
src\main\org\apache\tools\ant\taskdefs\optional\vss\MSVSS.java,0.042
src\main\org\apache\tools\ant\taskdefs\optional\TraXLiaison.java,0.221
src\main\org\apache\tools\ant\taskdefs\optional\Rpm.java,0.325
src\main\org\apache\tools\ant\ProjectHelperRepository.java,0.08
src\main\org\apache\tools\ant\types\FileList.java,0.002
src\main\org\apache\tools\ant\types\resources\comparators\Content.java,0
src\tests\junit\org\apache\tools\ant\taskdefs\condition\ContainsTest.java,0
src\main\org\apache\tools\ant\taskdefs\War.java,0.081
src\main\org\apache\tools\ant\taskdefs\Classloader.java,0.013
src\main\org\apache\tools\ant\taskdefs\optional\ccm\CCMCheckinDefault.java,0.001
src\main\org\apache\tools\ant\taskdefs\optional\clearcase\CCMklbtype.java,0.001
src\main\org\apache\tools\ant\taskdefs\Javac.java,0.309
src\main\org\apache\tools\ant\util\Tokenizer.java,0
src\main\org\apache\tools\ant\util\regexp\RegexpMatcher.java,0.002
src\main\org\apache\tools\ant\filters\ChainableReader.java,0
src\main\org\apache\tools\ant\types\AbstractFileSet.java,0.076
src\main\org\apache\tools\ant\types\selectors\SelectorScanner.java,0
src\main\org\apache\tools\ant\util\ConcatFileInputStream.java,0.003
src\main\org\apache\tools\ant\util\DeweyDecimal.java,0
src\main\org\apache\tools\ant\taskdefs\optional\ccm\CCMCheck.java,0.004
src\main\org\apache\tools\ant\types\resources\MappedResource.java,0.024
src\main\org\apache\tools\ant\taskdefs\optional\XMLValidateTask.java,0.064
src\main\org\apache\tools\ant\taskdefs\rmic\RmicAdapterFactory.java,0.092
src\main\org\apache\tools\ant\taskdefs\Nice.java,0
src\main\org\apache\tools\ant\taskdefs\optional\ejb\IPlanetEjbcTask.java,0.005
src\main\org\apache\tools\ant\taskdefs\optional\pvcs\Pvcs.java,0.052
src\main\org\apache\tools\ant\taskdefs\optional\jsp\compilers\JspCompilerAdapterFactory.java,0.009
src\main\org\apache\tools\ant\types\resources\selectors\Or.java,0
src\main\org\apache\tools\ant\types\optional\ScriptMapper.java,0
src\main\org\apache\tools\ant\util\ContainerMapper.java,0.015
src\main\org\apache\tools\ant\util\regexp\Jdk14RegexpRegexp.java,0.005
src\main\org\apache\tools\ant\taskdefs\optional\depend\constantpool\FieldRefCPInfo.java,0
src\main\org\apache\tools\ant\taskdefs\optional\extension\JarLibDisplayTask.java,0
src\tests\junit\org\apache\tools\ant\taskdefs\condition\IsReachableTest.java,0
src\main\org\apache\tools\ant\taskdefs\optional\testing\BlockFor.java,0.002
src\main\org\apache\tools\ant\taskdefs\rmic\KaffeRmic.java,0.015
src\main\org\apache\tools\ant\types\optional\image\Rotate.java,0.007
src\main\org\apache\tools\ant\util\ProxySetup.java,0.005
src\tests\junit\org\apache\tools\ant\types\FileSetTest.java,0
src\tests\junit\org\apache\tools\ant\taskdefs\EchoTest.java,0
src\main\org\apache\tools\ant\taskdefs\WaitFor.java,0.008
src\main\org\apache\tools\ant\taskdefs\optional\unix\Symlink.java,0.432
src\main\org\apache\tools\ant\taskdefs\optional\RenameExtensions.java,0
src\main\org\apache\tools\ant\taskdefs\Mkdir.java,0.168
src\etc\testcases\taskdefs\fixcrlf\input\Junk4.java,0
src\main\org\apache\tools\ant\taskdefs\optional\perforce\P4Labelsync.java,0.003
src\tests\junit\org\apache\tools\ant\taskdefs\AptTest.java,0
src\main\org\apache\tools\ant\util\java15\ProxyDiagnostics.java,0.002
src\main\org\apache\tools\ant\taskdefs\Sequential.java,0.055
src\etc\testcases\taskdefs\fixcrlf\expected\Junk3.java,0
src\tests\junit\org\apache\tools\ant\taskdefs\optional\ANTLRTest.java,0
src\main\org\apache\tools\ant\util\Retryable.java,0
src\main\org\apache\tools\ant\taskdefs\compilers\Jikes.java,0.038
src\main\org\apache\tools\ant\input\MultipleChoiceInputRequest.java,0.003
src\main\org\apache\tools\ant\taskdefs\SignJar.java,0.184
src\main\org\apache\tools\ant\taskdefs\condition\IsFailure.java,0
src\main\org\apache\tools\ant\taskdefs\optional\ccm\Continuus.java,0.003
src\main\org\apache\tools\ant\BuildException.java,0.014
src\main\org\apache\tools\ant\taskdefs\condition\Not.java,0
src\main\org\apache\tools\ant\taskdefs\optional\EchoProperties.java,0.026
src\main\org\apache\tools\ant\taskdefs\optional\extension\resolvers\AntResolver.java,0
src\main\org\apache\tools\ant\types\optional\image\ColorMapper.java,0.017
src\tests\junit\org\apache\tools\ant\taskdefs\optional\PvcsTest.java,0
src\tests\junit\org\apache\tools\ant\taskdefs\optional\sos\SOSTest.java,0
src\main\org\apache\tools\ant\util\depend\bcel\AncestorAnalyzer.java,0.002
src\tests\junit\org\apache\tools\ant\taskdefs\TypedefTest.java,0
src\main\org\apache\tools\ant\loader\AntClassLoader5.java,0.028
src\main\org\apache\tools\zip\JarMarker.java,0.021
src\main\org\apache\tools\ant\Main.java,0.874
src\main\org\apache\tools\ant\taskdefs\Chmod.java,0.254
src\main\org\apache\tools\ant\taskdefs\XSLTProcess.java,0.608
src\main\org\apache\tools\ant\PathTokenizer.java,0
src\tests\junit\org\apache\tools\zip\UTF8ZipFilesTest.java,0.007
src\tests\junit\org\apache\tools\ant\taskdefs\PreSetDefTest.java,0
src\tests\junit\org\apache\tools\ant\taskdefs\optional\depend\DependTest.java,0
src\main\org\apache\tools\ant\ComponentHelper.java,0.136
src\main\org\apache\tools\ant\taskdefs\optional\perforce\P4Delete.java,0
src\tests\junit\org\apache\tools\ant\types\XMLCatalogTest.java,0
src\tests\junit\org\apache\tools\ant\taskdefs\optional\junit\Printer.java,0
src\main\org\apache\tools\ant\taskdefs\optional\vss\MSVSSADD.java,0
src\main\org\apache\tools\ant\taskdefs\compilers\Sj.java,0.002
src\main\org\apache\tools\ant\taskdefs\optional\jdepend\JDependTask.java,0.465
src\main\org\apache\tools\ant\taskdefs\cvslib\ChangeLogParser.java,0.037
src\main\org\apache\tools\ant\util\ResourceUtils.java,0.53
src\main\org\apache\tools\ant\taskdefs\Recorder.java,0.015
src\main\org\apache\tools\ant\filters\util\ChainReaderHelper.java,0.089
src\main\org\apache\tools\ant\types\selectors\DepthSelector.java,0.005
src\main\org\apache\tools\ant\filters\TabsToSpaces.java,0
src\tests\junit\org\apache\tools\ant\taskdefs\optional\RhinoScriptTest.java,0
src\tests\junit\org\apache\tools\ant\taskdefs\TarTest.java,0
src\main\org\apache\tools\ant\util\DateUtils.java,0.191
src\tests\junit\org\apache\tools\ant\types\FlexIntegerTest.java,0
src\etc\testcases\taskdefs\fixcrlf\expected\Junk1.java,0
src\main\org\apache\tools\ant\taskdefs\TempFile.java,0.002
src\tests\junit\org\apache\tools\ant\taskdefs\optional\SchemaValidateTest.java,0
src\main\org\apache\tools\ant\taskdefs\Cvs.java,0.002
